,,,,,,,,,,,observe : 6137,,,,Not Invest :2643,,,,Not invest  : 1594,,,,Not Invest : 7989,,,,Not Invest : 9650,,,,Not iNvest : 5027,,,,Not Invest : 1590,,,,Invest : 166,,,,Not Invest : 558,,,,Not Invest : 1716,,,,Not Invest : 2932,,,,Not Invest : 2590,,,,Not Invest : 1059,,,,Not Invest : 1037,,,,,,,,Observe : 1434,,,,,
final_date,AARTIIND_close,AARTIIND_low,AARTIIND_moving_avg,AARTIIND_true_false,AIAENG_close,AIAENG_low,AIAENG_moving_avg,AIAENG_true_false,ALKYLAMINE_close,ALKYLAMINE_low,ALKYLAMINE_moving_avg,ALKYLAMINE_true_false,ASIANPAINT_close,ASIANPAINT_low,ASIANPAINT_moving_avg,ASIANPAINT_true_false,ASTRAL_close,ASTRAL_low,ASTRAL_moving_avg,ASTRAL_true_false,ATUL_close,ATUL_low,ATUL_moving_avg,ATUL_true_false,BAJAJFINSV_close,BAJAJFINSV_low,BAJAJFINSV_moving_avg,BAJAJFINSV_true_false,BAJFINANCE_close,BAJFINANCE_low,BAJFINANCE_moving_avg,BAJFINANCE_true_false,COLPAL_close,COLPAL_low,COLPAL_moving_avg,COLPAL_true_false,CUB_close,CUB_low,CUB_moving_avg,CUB_true_false,DABUR_close,DABUR_low,DABUR_moving_avg,DABUR_true_false,DEEPAKNTR_close,DEEPAKNTR_low,DEEPAKNTR_moving_avg,DEEPAKNTR_true_false,DMART_close,DMART_low,DMART_moving_avg,DMART_true_false,GARFIBRES_close,GARFIBRES_low,GARFIBRES_moving_avg,GARFIBRES_true_false,HAVELLS_close,HAVELLS_low,HAVELLS_moving_avg,HAVELLS_true_false,HCLTECH_close,HCLTECH_low,HCLTECH_moving_avg,HCLTECH_true_false,HDFC_close,HDFC_low,HDFC_moving_avg,HDFC_true_false,HDFCBANK_close,HDFCBANK_low,HDFCBANK_moving_avg,HDFCBANK_true_false,HDFCLIFE_close,HDFCLIFE_low,HDFCLIFE_moving_avg,HDFCLIFE_true_false
08-04-2021,NA,NA,NA,NA,1991.25,1954,1764.985,1,6167.85,6040,2746.3225,1,2652.65,2628,2005.955,1,1611.75,1589.7,993.34894,1,8034.95,7904.05,5404.82,1,9705.15,9575.05,7641.0525,1,5072.35,5051,3914.26,1,1587.45,1554.75,1463.06,1,167.2,166,171.68,0,559.7,548.25,492.605,1,1717,1705.1,723.53,1,2941,2890.65,2319.3975,1,2586.05,2566.6,1748.36,1,1059.75,1049,732.1375,1,1037.5,1031.65,706.57,1,2502.55,2485.75,2119.1025,1,1432.8,1430.5,1221.465,1,701.45,697.3,601.67,1
31-03-2021,1317.45,1310.1,1002.03,1,2052.7,1971.05,1742.155,1,5696.7,5650,2476.015,1,2537.4,2531,1954.1325,1,1616.85,1592.1,952.26695,1,7083.05,6940,5180.435,1,9668.6,9450,7511.7725,1,5149.85,5122.95,3827.2675,1,1559.35,1543.3,1447.415,1,155.95,154.65,173.4725,0,540.5,536.65,487.06,1,1656.5,1619.8,651.455,1,2859.05,2830,2250.905,1,2567.15,2480,1671.6225,1,1050.4,1048.25,713.1025,1,982.65,978.65,682.20375,1,2498.1,2490,2102.2975,1,1493.65,1488,1205.52375,1,696.2,681,594.455,1
26-02-2021,1235,1212.65,977.8075,1,1819.25,1785.75,1724.7725,1,5051.4,5030.05,2226.8425,1,2277.2,2260,1903.3175,1,1595.775,1560,908.77446,1,6559.45,6450,5008.3375,1,9648.6,9600,7383.235,1,5264.9,5221,3732.3775,1,1581.2,1555.65,1428.935,1,165.3,162.6,175.36,0,503.1,501,481.3575,1,1368.65,1360,582.52,1,2994.2,2950,2182.0875,1,2585.35,2551,1598.785,1,1105.55,1096,692.8475,1,909.45,905.1,658.935,1,2539.4,2520,2083.4825,1,1534.4,1521,1187.1325,1,700.65,693.95,584.32,1
29-01-2021,1159.25,1136.45,960.50875,1,1954.15,1917,1723.4875,1,4783.4,4705,2015.2775,1,2407.35,2400,1857.365,1,1287.6,1272.3,868.76272,1,6372.6,6324.55,4879.39,1,8722.75,8675.55,7327.0375,1,4734.55,4707.1,3653.1875,1,1603.3,1567.5,1406.26,1,169.25,166.25,177.9975,0,514.55,511.35,476.2275,1,971.55,961.2,528.5925,1,2651.5,2610,2102.2725,1,2251.3,2230,1530.6525,1,1044.75,1035.05,676.8775,1,914,909.5,640.07875,1,2377.8,2364.6,2066.1175,1,1390.5,1364.5,1171.50625,1,677.95,668.15,572.49,1
31-12-2020,1234.8,1207.9,949.275,1,1974.35,1942,1715.2,1,3829.95,3812.65,1817.47,1,2764.5,2725.05,1807.3625,1,1337.138,1274.25,844.14023,1,6430.1,6395,4763.0875,1,8906.35,8840,7300.2975,1,5295.2,5272,3589.815,1,1565.25,1560.2,1383.7125,1,180.1,177,180.135,0,534,532.15,470.2975,1,941.85,918.7,495.7725,1,2763.6,2670,2035.8525,1,2268.55,2222,1477.6875,1,916.15,900.55,662.0375,1,946.15,935,621.6925,1,2558.65,2504.4,2056.36,1,1436.3,1425.05,1162.615,1,676.5,669.55,560.675,1
27-11-2020,1155.3,1103.1,928.10125,1,1856.35,1828.5,1707.2175,1,4015,3673,1668.2275,1,2215.3,2165,1742.295,1,1102.088,1087.688,814.25984,1,6310.35,6155.55,4612.915,1,8758.8,8680,7231.0025,1,4908.8,4785.15,3479.8525,1,1513.7,1480.6,1365.8575,1,186.05,174,181.27,0,499.8,496.65,463.5025,1,865.1,800,461.885,1,2289.2,2220.05,1962.4475,1,2227.05,2135.15,1418.5325,1,801.4,796,654.9625,1,822.1,814.35,603.96875,1,2256.25,2202.2,2028.18,1,1440.85,1415.55,1148.73625,1,646.8,642.15,547.0775,1
30-10-2020,1000.55,989.1,909.2175,1,1699.2,1690.6,1706.2575,0,2967.65,2956,1509.27,1,2211.5,2195.5,1706.38,1,842.8877,840.0002,793.58945,1,6008.6,5975,4474.0575,1,5573.5,5511.05,7140.69,0,3309,3252.85,3384.205,0,1516.7,1506,1352.7675,1,147.7,147,182.035,0,511.45,508.05,459.06,1,742.25,738,432.3725,1,2239.9,2195.75,1921.6125,1,1884.15,1850,1362.9325,1,727.9,711.8,652.92,1,841.95,833,589.93625,1,1923.55,1906.85,2012.59,0,1183.55,1176.35,1134.26375,1,589.75,584,533.315,1
30-09-2020,1014.95,1008,893.9425,1,1848.55,1742.1,1707.0675,1,3208.95,3195,1396.425,1,1986.4,1958.15,1666.065,1,918.6002,862.6127,783.863075,1,6112.3,6058,4341.975,1,5852.35,5820,7185.1375,0,3278.6,3260,3351.205,0,1433.5,1412.5,1339.755,1,139.75,135.1,183.8225,0,510.55,496.3,455.39,1,821.2,816.55,406.8875,1,2203.15,2115,1882.4075,1,2132.75,2052.9,1321.3475,1,677.85,664,652.2925,1,811.6,807.1,574.18625,1,1740.05,1703.2,2008.4725,0,1078.6,1052,1127.025,0,559.4,555.95,521.44,1
31-08-2020,1047.7,1040,883.83625,1,1801.65,1785.45,1695,1,3103.95,3011,1273.5575,1,1899.1,1881.25,1637.375,1,841.5377,807.0002,771.869075,1,5780.45,5550,4209.67,1,6190.35,6135,7197.115,0,3487.8,3465,3316.0175,1,1363.25,1353,1332.085,1,135,134,186.385,0,474.6,470.9,452.045,1,683.45,663,376.795,1,2251.25,2195,1840.9925,1,1803.55,1765.3,1270.9775,1,615.55,613,654.0725,0,694.4,686,558.73625,1,1832.6,1797.55,2017.5875,0,1115.85,1100.7,1125.09375,0,574.8,567.05,512.05,1
31-07-2020,990.4,950.45,867.54375,1,1654.15,1642,1688.775,0,2249.2,2233.05,1158.5225,1,1715.5,1710.4,1611.0725,1,723.3752,701.3627,763.6172,0,5053.95,5000.95,4092.495,1,6205.9,6120,7211.445,0,3251.3,3181.25,3273.885,0,1423.3,1413.55,1331.1,1,121.2,120.8,189.3875,0,513.55,494.05,449.8475,1,643.15,606.35,353.6775,1,2063.45,2033.05,1808.7625,1,1672.85,1669,1241.285,1,583.15,575.05,657.87,0,705.2,696,548.125,1,1781.95,1759,2024.375,0,1032.8,1020.05,1122.34375,0,627.1,619.05,502.6675,1
30-06-2020,931.4,915,853.92125,1,1606.95,1594.6,1691.06,0,2107.25,2100,1084.3225,1,1687.45,1681.65,1592.595,1,715.9127,706.0876,758.598945,0,4550.85,4444.05,4013.265,1,5845.15,5815.8,7200.8675,0,2831,2816,3238.205,0,1406.7,1392,1320.9175,1,121.3,120.3,192.045,0,465.95,462.5,444.625,1,475.05,473.65,334.4025,1,2317.15,2288,1780.215,1,1368.3,1350,1216.2175,1,579.5,575.5,662.9475,0,556.85,553.25,538.24,1,1754.65,1747.2,2034.7275,0,1065.85,1056.3,1123.915,0,549,537,491.1475,1
29-05-2020,976.15,963.05,839.8075,1,1663.85,1598,1696.3575,0,2003.65,1990,1009.45,1,1683.1,1633.1,1569.7425,1,658.2001,628.8752,752.243815,0,4512.55,4375,3950.955,1,4404.9,4201.5,7178.8425,0,1953.65,1891,3215.7825,0,1391.5,1295,1306.4575,0,135.6,127.45,194.485,0,466.45,440.3,440.565,0,498.1,491,323.075,1,2269.35,2229,1731.255,1,1435.75,1370,1207.2825,1,496.25,485.8,666.2625,0,550.25,536.7,536.7875,0,1658.9,1590.9,2035.4575,0,951.65,923.45,1118.41625,0,523.2,511.75,482.3125,1
30-04-2020,1102.4,1082,820.055,1,1608.15,1556.95,1702.07,0,1790,1775.9,937.97,1,1758.7,1741,1550.2525,1,705.0752,667.8002,748.871815,0,4852.45,4825,3883.6,1,5104.35,5050.85,7258.9075,0,2318.1,2291.15,3226.5,0,1459.1,1442.5,1290.955,1,144.35,132.75,196.5925,0,489.3,478.25,438.5875,1,506.15,501,312.95,1,2383.65,2325,1687.585,1,1277.8,1267.85,1191.7325,1,563.5,544.7,671.175,0,543.55,501,536.47,0,1916,1855.5,2040.2375,0,1001.8,992.1,1120.985,0,501.05,493.15,475.7325,1
31-03-2020,766.75,725.15,799.31,0,1393.25,1250,1709.6,0,1203.3,1180,881.035,1,1666.5,1601.8,1530.94,1,702.6377,661.5377,746.81006,0,3988.45,3855,3802.5925,1,4591.2,4430,7341.08,0,2215.8,2100,3253.425,0,1252.7,1221.35,1276.45,0,129.05,118.8,199.5025,0,450.05,430.45,438.06,0,385.05,369,300.705,1,2187.5,2150,1648.6275,1,1074.25,1025,1192.7375,0,480.45,458.05,679.2625,0,436.4,425.3,535.45375,0,1633.1,1582,2041.235,0,861.9,838,1122.425,0,441.35,414.4,473.7675,0
28-02-2020,976.05,951,791.585,1,1788.65,1740.25,1722.4375,1,1511.15,1468.95,852.5575,1,1797.95,1783.15,1520.185,1,858.3002,843.7502,745.161185,1,5143.65,4801,3745.425,1,9050.75,8825.05,7460.385,1,4465.85,4311.75,3277.53,1,1285.4,1280.5,1271.0775,1,215.25,213.8,201.645,1,496.1,492,436.635,1,461.9,458,293.535,1,2323.95,2180,1621.9975,1,1573.4,1488.9,1197.4125,1,613.05,610,686.96,0,534.35,531.2,537.76125,0,2175.75,2162.3,2059.3225,1,1177.65,1170.1,1133.8175,1,544.1,541.25,476.835,1
31-01-2020,985.1,951,773.5075,1,1776.2,1726.4,1708.01,1,1312.75,1308,809.215,1,1795.65,1788.7,1493.51,1,917.5128,896.2502,732.47868,1,4913.5,4868.1,3620.8175,1,9441.4,9410,7298.9025,1,4365.9,4333.8,3169.055,1,1328.55,1324.25,1266.05,1,231.25,230,199.277955,1,495.75,480.05,431.4025,1,383.6,377.05,282.6325,1,2133.95,2061,1580.07,1,1493.35,1440.3,1170.8875,1,602.8,600.2,683.475,0,591.4,589.6,534.2,1,2414,2404.5,2045.94,1,1226.3,1220.25,1127.64625,1,599.2,597.3,472.4375,1
31-12-2019,830.75,810,755.365,1,1649.5,1629,1696.3125,0,1085,1070.05,776.16,1,1784.95,1781.1,1468.96,1,882.6752,854.2127,717.65605,1,4050.8,4050,3516.36,1,9393.35,9379,7128.945,1,4234.75,4218.6,3056.255,1,1462.9,1457,1262.6075,1,233.95,232.1,196.640455,1,458.4,457.5,425.78,1,373.1,368.2,275.66,1,1838.35,1827.05,1551.98,1,1203.5,1173.25,1143.9425,1,647.15,646.25,680.5425,0,568.1,565.05,527.38875,1,2412.55,2406.55,2016.89,1,1272.1,1268.65,1119.8175,1,626.05,620.75,467.035,1
29-11-2019,843.65,825,747.41375,1,1644.25,1626.05,1686.03,0,1071.7,1055.05,757.675,1,1706.15,1677.35,1439.7975,1,850.4627,833.2502,702.028295,1,4046.3,4032.05,3461.0875,1,9110.25,9095.3,6933.4075,1,4074.2,4062.35,2939.9025,1,1474.2,1453.85,1245.6225,1,224.8,221.5,193.299775,1,459.1,457.3,421.33,1,336.9,335.55,270.465,1,1822.5,1812,1534.595,1,1206.15,1200,1132.92,1,667.45,660,675.5475,0,563.825,562.55,525.3025,1,2297.25,2280.1,1990.425,1,1274.95,1252,1104.82,1,571.5,570.2,461.635,1
31-10-2019,876.5,860,733.90125,1,1733.25,1702,1675.8875,1,887.7,875,733.7925,1,1809.6,1803.5,1410.51,1,837.7127,832.5002,686.299665,1,4295.25,4238.85,3389.4425,1,8134.35,8100,6736.4725,1,4027.55,3995,2824.57,1,1549.2,1534,1224.7575,1,211.9,207.45,189.89841,1,461.95,458.15,414.795,1,341.2,338.1,266.015,1,1994.65,1980,1509.71,1,1170.6,1143.05,1118.6525,1,691.85,685.45,666.5675,1,581.375,569.275,521.32625,1,2131.9,2103.65,1966.8425,1,1230.35,1227.1,1088.225,1,626.2,622,455.7825,1
30-09-2019,800.7,797,719.4025,1,1784.05,1750.45,1661.205,1,879.9,861.65,720.75,1,1762.15,1737.05,1375.9175,1,860.8877,849.7502,671.610535,1,3996.8,3971.25,3309.055,1,8513,8410.35,6582.34,1,4046.05,4031,2705.205,1,1503.95,1492.05,1199.3525,1,218.65,212.5,187.248865,1,447.25,442.05,407.95,1,298.85,297.4,261.9925,1,1860.6,1832.2,1477.385,1,1185.35,1180,1107.3825,1,718.3,709.05,657.3575,1,540.3,521.525,515.765,1,1977.05,1970.05,1950.6825,1,1227.45,1216.5,1073.8125,1,601.15,585,447.5325,1
30-08-2019,795.75,778.5,705.78625,1,1534.65,1519.05,1648.795,0,761.7,755,711.9825,1,1616.2,1595.1,1344.225,1,790.1102,771.0002,652.528655,1,3547.25,3480.25,3244.8375,1,7119.55,6965,6397.3075,1,3332.5,3260,2586.795,1,1274.55,1251.1,1180.2225,1,203.05,192.1,183.53,1,448.8,444,403.3675,1,275.5,275,260.955,1,1571.15,1555.4,1443.3375,1,1051.3,1020,1099.12,0,679.05,662.5,647.56,1,550.175,541.6,513.41375,1,2166.45,2118,1949.645,1,1113.975,1111,1062.5825,1,557.15,542,438.825,1
31-07-2019,833,808.525,694.34625,1,1705.05,1700,1649.58,1,713.25,692.55,707.3725,0,1521.1,1495.15,1321.34,1,747.0002,729.6002,638.36265,1,3641.1,3630.35,3204.26,1,7097.85,6895,6302.85,1,3252.05,3160.1,2508.005,1,1189.75,1160.15,1171.495,0,193.7,190.5,181.550225,1,426.45,415.7,398.4125,1,277.8,270.2,258.755,1,1482.7,1440,1423.8475,1,1110.4,1101,1094.5925,1,645.3,622.65,641.73,0,517.275,501.475,508.1675,0,2121.8,2107.7,1926.8425,1,1125.825,1117.125,1053.69375,1,493.5,477.25,430.2675,1
28-06-2019,889.025,882.5,675.48625,1,1793.55,1745,1638.005,1,820.1,810.1,701.2175,1,1358.15,1350.1,1302.6225,1,795.5402,790.6802,626.365645,1,3980.5,3945.05,3150.3525,1,8524.65,8423.8,6208.6625,1,3681.1,3629.7,2431.755,1,1127.7,1122,1163.84,0,218.05,214.6,179.47659,1,400.5,394.3,394.305,0,290.1,286.6,255.2975,1,1397.9,1380,1405.6175,0,1222.7,1210.45,1084.7875,1,786.15,782.65,634.93,1,532.325,529.35,503.50375,1,2192.1,2177.65,1904.5375,1,1221.875,1218.525,1043.745,1,464.05,456.35,424.1675,1
31-05-2019,934.575,920.05,654.8675,1,1788.4,1767.3,1617.1575,1,827.25,819.55,691.1025,1,1407.3,1381,1293.7575,1,795.1502,755.4002,609.43964,1,4046.55,3880.3,3071.215,1,8187.95,8152.65,6032.9475,1,3467.1,3448.7,2337.73,1,1152.35,1141.85,1160.6875,0,212,211.1,175.91727,1,395.95,394.85,390.9225,1,315.15,311.6,251.65,1,1323.1,1305,1392.7525,0,1192,1139.9,1070.5525,1,747.95,722.25,619.86,1,546.275,540.025,498.2825,1,2182.65,2140.05,1880.3025,1,1212.675,1178.4,1027.86375,1,441.65,436.05,NA,NA
30-04-2019,811.325,801,630.4625,1,1814.7,1751.5,1594.1725,1,845.1,825,671.37,1,1463.15,1455.3,1279.9775,1,739.5302,726.0002,591.844635,1,3426.65,3401.1,2988.3925,1,7520.45,7449.15,5881.2725,1,3095.95,3040,2256.2775,1,1208.15,1189.75,1156.4075,1,202.8,198.25,172.694545,1,398.1,397,386.375,1,264.1,262.5,245.595,1,1295.5,1275,1380.52,0,1085.45,1062.65,1054.9425,1,774.65,760,606.62,1,591.675,570,492.83875,1,1995.05,1954.2,1858.2775,1,1158.725,1139.2,1012.3725,1,404.55,395,NA,NA
28-03-2019,777.625,768.775,611.6,1,1837.15,1763,1568.9925,1,835.85,831.05,649.94,1,1497,1473.5,1265.2475,1,688.6802,684.0602,575.46163,1,3533.2,3475,2926.255,1,6952.55,6857.5,5780.3925,1,2995.85,2940.05,2190.575,1,1251.9,1250,1151.6275,1,201.35,200.3,169.77727,1,410.95,407.45,382.225,1,274.85,272.8,241.3175,1,1472.5,1468,1367.735,1,1115.05,1080,1042.84,1,760.55,747.6,592.305,1,541.45,525,484.8875,1,1944.45,1912.05,1847.37,1,1151.4,1143.925,998.8475,1,371.55,368.1,NA,NA
28-02-2019,695.05,676.8,597.02,1,1715.4,1705.65,1549.65,1,710.75,705.1,628.46,1,1405.2,1401.45,1248.4825,1,648.3602,642.0002,559.768625,1,3366.95,3299.3,2859.5375,1,6462.45,6413.1,5682.3575,1,2649,2630,2125.9375,1,1256.45,1247.15,1143.01,1,183.45,177.9,167.72568,1,438.05,433,377.1775,1,232.55,226.1,235.69,0,1455.8,1446.5,1340.095,1,1052.45,1040,1031.4675,1,715.35,695.55,577.9175,1,526.95,523.85,480.1375,1,1841.2,1834.6,1839.61,0,1038.775,1036.6,985.8875,1,352.25,348.15,NA,NA
31-01-2019,812.825,804.275,585.1875,1,1607.2,1590.5,1533.645,1,751.6,740,611.8325,1,1412.6,1391.05,1233.37,1,678.7202,667.7402,547.95912,1,3466.2,3450,2811.9225,1,6091.9,6050,5565.17,1,2574.85,2526,2062.1425,1,1280.1,1274.9,1135.73,1,191,189.8,165.86103,1,443.65,427.2,369.88,1,219.35,208.25,232.1325,0,1374.85,1367.25,1308.06,1,1125.35,1082,1019.6275,1,713.45,692.1,565.15,1,502.6,493.375,475.0625,1,1922.35,1877.3,1828.2975,1,1039.975,1011,975.25,1,371.6,363,NA,NA
31-12-2018,721.85,712.6,566.55375,1,1677.15,1654.55,1526.8875,1,803.25,752.45,593.4625,1,1373.05,1367.3,1220.3,1,676.5002,673.8002,532.221115,1,3436.95,3408.05,2764.1175,1,6476.95,6436.2,5470.175,1,2645.15,2635.6,1999.7475,1,1343.55,1320.2,1122.4525,1,195.05,188.2,163.383345,1,430.65,428.95,361.695,1,221.1,218.55,228.2275,0,1606.65,1595,1276.575,1,1209.7,1176,1003.055,1,691.5,688.9,553.8475,1,482.175,477.8,471.53875,1,1968.35,1961.55,1810.6725,1,1060.85,1058.35,964.15625,1,387.15,385.6,NA,NA
30-11-2018,717.95,700,552.40625,1,1699.85,1585,1518.38,1,765.2,750.05,578.4025,1,1345.95,1342.15,1207.67,1,623.0101,612.6602,514.97411,1,3469.35,3412,2714.43,1,5994.35,5960,5375.11,1,2537.7,2507.05,1931.3,1,1219.65,1202,1107.0625,1,174.35,173.05,160.44076,1,409.1,406.55,354.5,1,257.65,247,224.015,1,1492.5,1438,1233.0675,1,1171.5,1083.8,980.195,1,684.7,675.8,543.4675,1,507.5,502.125,467.7825,1,1989,1962.8,1789.1125,1,1064.225,1055,949.77625,1,396.7,392.55,NA,NA
31-10-2018,649.125,625,535.6475,1,1712.9,1682.35,1512.78,1,609.8,593.65,562.7625,1,1230.4,1183.85,1194.0475,0,588.8101,540.0302,500.25311,1,3304.65,3230.1,2660.555,1,5404.65,5241,5280.3125,0,2382.55,2306.9,1862.97,1,1117.5,1097.5,1095.855,1,170.1,168.5,157.987725,1,384.75,379.5,347.9125,1,248.5,239.3,217.695,1,1337.95,1263.05,1190.335,1,1189.6,1150.05,957.1125,1,645.8,633.75,532.52,1,527.8,501,464.27625,1,1769.25,1677.1,1764.7675,0,955.875,942.5,932.62875,1,372.3,365.1,NA,NA
28-09-2018,581.1,550,522.525,1,1778.1,1723.3,1501.1825,1,574.05,571,550.735,1,1293.3,1286,1183.7375,1,590.7601,546.0601,484.31261,1,3165.45,3110,2606.7375,1,6006.2,5885,5205.7875,1,2168,2117,1799.2525,1,1081.45,1055.4,1084.9925,0,177.75,174.6,155.445535,1,426.9,416.55,342.52,1,295.6,273.45,210.6425,1,1395.95,1340.25,NA,NA,1124.75,1110.05,932.0225,1,594.5,581.85,520.535,1,543.9,542.75,458.88875,1,1754.5,1736,1744.8075,0,1003.025,988.575,919.5875,1,391.6,390.1,NA,NA
31-08-2018,687.5,677.275,511.4275,1,1758.75,1710,1479.995,1,651.3,645.3,537.84,1,1372.45,1364.2,1167.6075,1,663.8401,660.6002,466.33511,1,3232.3,3215,2561.955,1,6747.8,6725,5067.77,1,2856.6,2841.1,1742.6975,1,1169,1149.8,1075.3025,1,202.55,200.05,152.75845,1,478.75,475.05,334.975,1,261.25,255,201.2225,1,1604.5,1585.25,NA,NA,1297.9,1240,905.0475,1,725.25,709.05,511.8125,1,523.225,509.75,451.9725,1,1935.95,1908.05,1725.375,1,1030.6,1029.125,901.6025,1,461.75,461.1,NA,NA
31-07-2018,612.25,607.8,494.17625,1,1650,1633.5,1456.8625,1,633.75,622,520.5875,1,1451.4,1426,1143.5375,1,669.6602,653.4001,444.99011,1,2845.1,2740,2504.235,1,6977.3,6855,4875.1225,1,2697.9,2668.05,1641.9775,1,1145.25,1123,1062.0825,1,171.9,166.05,147.967725,1,421.55,384.65,324.945,1,241.65,237.7,192.76,1,1654.9,1625,NA,NA,1167.75,1153.65,870.7525,1,634.4,618,492.6625,1,482.55,473.675,446.51,1,1994.85,1971,1691.7075,1,1089.75,1075.025,880.2275,1,502.7,488,NA,NA
29-06-2018,614.5,600,481.68625,1,1500.1,1484.6,1441.1,1,644.3,610.05,504.3875,1,1264.45,1252.15,1119.4625,1,604.6501,597.0601,423.561105,1,2651.5,2610,2473.7175,1,5821.1,5808,4675.7575,1,2296.35,2270.6,1553.0725,1,1184.85,1154.5,1051.505,1,167.9091,166.8182,144.93884,1,391.45,386.5,318.045,1,243.85,240.5,185.3625,1,1485.4,1438.6,NA,NA,1042.9,1020.35,843.6275,1,543.35,523.1,478.16,1,463.125,456.675,442.4775,1,1908.1,1873,1655.12,1,1054.225,1052.55,855.73,1,456.15,454,NA,NA
31-05-2018,622.25,608.4,469.88625,1,1542.25,1536.5,1430.735,1,651.65,642.6,489.205,1,1304.65,1287,1109.735,1,621.0602,584.0402,406.762605,1,2824.35,2755.55,2456.6075,1,6042.25,5930.8,4553.8625,1,2109.9,2101,1491.8825,1,1259.7,1248.05,1040.92,1,178.5,166.8636,142.70661,1,383.3,380.75,313.05,1,244.15,241.5,178.745,1,1572.15,1506.5,NA,NA,954.45,930.5,819.055,1,544.15,542.9,471.3475,1,455.175,450.525,438.4,1,1833,1797.2,1629.3,1,1069.725,1040,834.495,1,491.15,486.4,NA,NA
30-04-2018,671.725,663.5,454.29,1,1443.85,1430.05,1418.095,1,715.3,707,472.1975,1,1201.7,1182.4,1102.5375,1,570.1201,544.2302,388.8961,1,2945.35,2860,2429.6075,1,5482.6,5401.1,4405.2275,1,1907.7,1894.8,1439.1825,1,1123.2,1101.35,1026.4675,1,167.1364,165.0909,139.24029,1,369.4,367,307.445,1,269.2,266.45,172.49,1,1490.65,1485.9,NA,NA,983.05,963.4,797.59,1,547.25,546.1,465.05,1,526.375,522.525,435.63875,1,1883.25,1862.55,1607.3225,1,972.15,964.4,812.83,1,518.05,514.3,NA,NA
28-03-2018,573.4,559.1,436.19125,1,1441.4,1406,1409.98,0,594.05,570.1,452.2375,1,1120.4,1115,1100.3475,1,535.8901,522.0001,374.6461,1,2613.4,2609.95,2393.6625,1,5171.55,5021.55,4279.4625,1,1767.55,1760.8,1398.853,1,1056.9,1040,1017.725,1,156.7727,150.2273,136.32562,1,328.4,322.7,303.505,1,247.9,246.8,164.7025,1,1324.8,1310,NA,NA,920.8,901.6,772.185,1,487.85,486.2,458.5675,1,484.3,477.525,428.78375,1,1825.6,1812.75,1583.4325,1,943.05,938.025,796.5025,1,454.45,442.5,NA,NA
28-02-2018,586.525,568.5,421.39625,1,1439.6,1430,1389.36,1,626.85,624.4,439.405,1,1117.75,1099.25,1100.035,0,543.9301,511.2001,363.2116,1,2687.5,2660,2359.075,1,5051.7,5030.2,4157.08,1,1640.25,1629,1362.33875,1,1041.1,1029,1011.5475,1,158.9091,154.8182,133.852685,1,325.05,323.65,302.265,1,260.75,255.15,157.455,1,1348.15,1330.5,NA,NA,945.2,936.85,748.79,1,507.65,505.05,453.6575,1,470.15,467.9,423.3925,1,1808.7,1803.6,1560.8775,1,942.1,939,780.505,1,461.2,460,NA,NA
31-01-2018,528.375,507.45,405.08375,1,1535.85,1525,1368.8175,1,704.55,700.05,426.23,1,1128.3,1124,1094.3125,1,479.2501,458.4301,350.1166,1,2712.45,2695.1,2327.225,1,4812.35,4736.45,4020.575,1,1677.85,1645,1320.30975,1,1121.35,1116.65,1005.4175,1,144.2727,143.6364,130.7171475,1,355.6,346.65,301.445,1,278.1,274.25,148.7325,1,1179.65,1172.05,NA,NA,1020.1,1003,721.195,1,522.35,518.1,446.27,1,493.275,490.85,418.14625,1,1956.3,1918,1533.1225,1,1002.85,993.5,762.81125,1,427,395.3,NA,NA
29-12-2017,566.95,542.5,391.64875,1,1550.35,1540,1339.085,1,669.5,656,406.505,1,1158.5,1142.05,1087.14,1,506.7901,496.0801,339.4846,1,2735.7,2720,2285.555,1,5230.4,5185.25,3870.99,1,1756.7,1748.15,1274.36125,1,1100,1082,992.4175,1,163.4545,160.4545,127.906405,1,349.7,345,298.15,1,231.5,230.3,138.945,1,1181.35,1148,NA,NA,960.75,943,688.37,1,562.45,550.65,438.3775,1,445.25,437.5,411.9775,1,1710.4,1697.55,1497.1925,1,936.2,934.075,742.21625,1,386,375.65,NA,NA
30-11-2017,455.8,453.625,376.6025,1,1473.55,1432.05,1311.1125,1,590.15,587.05,388.5575,1,1146.75,1141.35,1072.5275,1,507.0601,499.9801,327.4261,1,2562.95,2529.95,2238.8175,1,5214.1,5151,3703.2375,1,1727.05,1722.35,1220.67175,1,1036.65,1032,979.46,1,152.2273,146.9091,123.613845,1,344.3,336.4,294.455,1,208.65,207.1,130.8725,1,1118.1,1110.85,NA,NA,914.3,903,658.0375,1,509.3,506.95,426.865,1,424,421.15,408.4725,1,1675.7,1667.95,1466.095,1,926.85,920,723.715,1,371.5,370.8,NA,NA
31-10-2017,476.65,463.65,366.69875,1,1376.6,1372,1284.425,1,617.8,597.05,374.6325,1,1180.85,1176.15,1058.61,1,457.0201,448.2001,314.4301,1,2397.75,2394,2187.385,1,5010.35,4881,3528.0875,1,1800.6,1774.55,1168.94,1,1064.65,1058.05,969.17,1,146.8636,144.7727,119.9198355,1,332.85,322.8,289.735,1,217.15,213.95,123.84,1,1140.6,1135,NA,NA,938,931.6,629.2525,1,484.75,483.1,417.4675,1,427.9,418.5,407.625,1,1707.4,1697.95,1437.59,1,904.25,899.625,704.15125,1,NA,NA,NA,NA
29-09-2017,446.475,435.75,353.51625,1,1328.7,1313.5,1255.9475,1,432.6,429.3,358.1775,1,1131.7,1127,1041.8725,1,443.2501,432.4801,301.836095,1,2390.1,2250.5,2135.13,1,5154.45,5062.6,3358.165,1,1838.05,1830.35,1108.57025,1,1066.75,1052,956.9575,1,147.5455,141.3636,116.064259,1,305,303.9,284.95,1,194.05,191,115.965,1,1078.45,1048.9,NA,NA,879.8,867.25,596.295,1,483.15,472,406.84,1,437.4,433.35,406.56125,1,1742.15,1730,1405.235,1,902.85,898.125,683.235,1,NA,NA,NA,NA
31-08-2017,434.075,419,343.51,1,1311.1,1273,1230.6075,1,416.5,410,352.43,1,1168.55,1144.3,1028.7825,1,411.8701,402.9301,292.353095,1,2183.9,2105.75,2088.25,1,5502.85,5455.55,3193.525,1,1781.9,1770,1046.30975,1,1112.55,1102.55,946.5175,1,144.4545,143,111.992769,1,315.1,312.5,282.2325,1,178.55,175.45,109.5575,1,1039.8,1032,NA,NA,843.4,841.05,570.075,1,488.35,483.45,397.5175,1,432.65,420.1,406.335,1,1776.9,1746,1377.1275,1,888.225,878.2,664.33875,1,NA,NA,NA,NA
31-07-2017,486.025,483.325,334.88375,1,1450.3,1431.3,1209.685,1,406.25,405.2,349.87,1,1161.7,1146.1,1014.5325,1,374.8201,373.8001,284.880095,1,2198.85,2178,2059.6425,1,4991.85,4927,3017.7775,1,1703.1,1697.6,987.2645,1,1079.55,1071.05,939.5325,1,160.3182,148.1818,108.577895,1,310,308.25,280.325,1,162.3,161.7,104.3075,1,919.7,897,NA,NA,887.6,881.2,549.07,1,472.8,471.5,388.335,1,446.45,439.225,406.08,1,1789.25,1751.2,1351.47,1,892.2,883.275,646.98125,1,NA,NA,NA,NA
30-06-2017,458.4,432.95,322.98625,1,1395.3,1367.9,1181.07,1,378.2,375,345.7175,1,1102.95,1083.3,998.3725,1,412.1701,403.5001,278.569595,1,2414.65,2390,2031.7,1,4118.7,4052.25,2864.2925,1,1373.1,1352.5,929.8145,1,1110.85,1080,933.8625,1,146.157,145.6198,104.1053735,1,292.1,287.1,278.4525,1,161.4,156.5,99.7625,1,815.1,805,NA,NA,815.65,808,524.295,1,460,440.85,378.9825,1,425.45,419.2,405.53125,1,1614.95,1606.95,1302.9175,1,826.025,821.5,629.315,1,NA,NA,NA,NA
31-05-2017,440.15,436,312.86625,1,1472.05,1423.8,1159.2625,1,384.2,381,342.11,1,1151.2,1144.55,984.7575,1,363.9601,345.7201,270.393095,1,2510.1,2490.05,1994.48,1,4192,4115.65,2756.7575,1,1326.95,1316.1,887.27125,1,1014.55,1009.7,926.0875,1,141.4463,138.0165,100.5123995,1,279.95,276.15,277.335,0,141.25,139.55,94.9475,1,745.15,726.4,NA,NA,793.9,786.65,500.84,1,487.4,473.5,368.6625,1,432.125,429.125,406.05125,1,1569.85,1565.4,1263.08,1,818.1,811.575,615.50375,1,NA,NA,NA,NA
28-04-2017,438.9,428.45,304.615,1,1507,1439.9,1135.245,1,502.05,479.05,338.3375,1,1120.45,1105.35,969.2775,1,331.5601,315.9001,264.919595,1,2443.2,2416.05,1946.75,1,4575.65,4530,2633.6325,1,1276.2,1268.75,846.58,1,1035.75,1029.95,923.435,1,136.1983,131.7355,97.2396715,1,286.75,285.55,277.1375,1,136.85,134,91.04,1,736.5,735,NA,NA,752.5,737,477.885,1,483.9,474.1,356.905,1,407.05,399.875,408.99875,0,1537.15,1532.15,1225.4975,1,773.25,768.55,601.31875,1,NA,NA,NA,NA
31-03-2017,382.775,377.525,293.26625,1,1587.85,1530.8,1105.7525,1,452.4,443.9,328.2525,1,1073.5,1065,955.685,1,328.5901,325.5301,261.301595,1,2391.85,2360,1892.2325,1,4098.4,4050,2495.34,1,1171.1,1167.5,807.876,1,995.5,990.95,920.5175,1,125.2893,119.5041,94.3905,1,277.35,272.3,276.4525,0,131.25,122.8,87.265,1,637.85,630,NA,NA,709.85,704,455.03,1,465.75,462.45,345.7175,1,437.375,433.5,412.9225,1,1502.1,1496.55,1189.55,1,721.275,718.275,588.3425,1,NA,NA,NA,NA
28-02-2017,386.675,385,284.5725,1,1480.95,1466.3,1076.0875,1,369.25,364.2,319.4575,1,1024.2,998.15,946.15,1,270.0001,267.2701,256.02309,1,2228.3,2210.1,1836.1675,1,3914.15,3795.05,2382.705,1,1108.2,1096,776.8775,1,900.25,890,920.48875,0,119.2562,119.0083,92.303721,1,276.9,273.4,277.25,0,107.45,107,84.2675,1,NA,NA,NA,NA,687.8,670,434.25,1,406.1,396.25,336.385,1,420.05,417.925,416.01,1,1370.05,1368.4,1155.355,1,695.05,692.25,580.07,1,NA,NA,NA,NA
31-01-2017,359.15,356.5,273.74375,1,1354.35,1341,1052.405,1,316.15,315.05,315.075,0,970.7,964,932.7075,1,231.2101,229.2601,254.17959,0,2269.8,2232.5,1784.5125,1,3245.85,3212.55,2263.6025,1,1036.9,1030.75,748.6845,1,887.65,880,926.47,0,124.0083,118.2231,90.5123985,1,276,273.6,277.41,0,107.2,106.6,82,1,NA,NA,NA,NA,585.25,579,410.1425,1,420.05,415.1,330.2125,1,405.575,393.55,418.00125,0,1365.85,1353,1127.7625,1,643.325,638.5,571.99625,1,NA,NA,NA,NA
30-12-2016,342.475,338.5,263.7275,1,1296.1,1257.15,1035.5575,1,306.25,291,313.62,0,891.05,882.5,923.525,0,236.9401,229.9201,254.17209,0,2077.9,2060,1729.5875,1,2894.85,2877.15,2177.665,1,842.2,833,717.92225,1,904.6,894.95,932.1825,0,106.7355,105.9504,88.5578515,1,278.15,273.55,277.1025,0,92,89.25,79.9925,1,NA,NA,NA,NA,612,605,390.6875,1,342.25,330.1,322.9975,1,413.975,407.45,422.99125,0,1262.6,1249.5,1100.38,1,603.1,599.975,566.09375,1,NA,NA,NA,NA
30-11-2016,362.45,359.45,254.445,1,1334.75,1306,1028.2825,1,309.75,305,314.815,0,969.9,952.55,917.095,1,241.0801,235.5001,255.56109,0,2234.75,2192,1683.595,1,2990,2908.7,2104.6675,1,919.8,909.05,696.03375,1,933.7,931,936.6575,0,111.3223,110.4545,87.121903,1,283.55,276.2,275.79,1,93.7,91.8,78.8425,1,NA,NA,NA,NA,625.25,617.55,369.2475,1,344.35,339.55,319.875,1,401.9,399,424.30625,0,1263.1,1237.55,1078.16,1,599.8,590.55,560.65875,1,NA,NA,NA,NA
28-10-2016,378.5,370.65,245.0925,1,1292.8,1252.05,1024.1725,1,340.65,335,315.055,1,1069.9,1066.05,909.165,1,268.6801,259.2301,256.94259,1,2309.3,2300,1628.4575,1,3383.2,3295.5,2025.895,1,1072.55,1052.7,670.586,1,973.15,936.2,940.33,0,123.2645,119.876,85.55992,1,291.55,287.45,274.89,1,111.5,108.3,77.5825,1,NA,NA,NA,NA,551.45,540,347.0675,1,407.1,405.3,317.92,1,381.575,380,428.72125,0,1391.7,1362.4,1055.915,1,629.525,620.05,556.23625,1,NA,NA,NA,NA
30-09-2016,310.325,300,233.43125,1,1289.45,1241.05,1017.0175,1,311.5,309,314.445,0,1160.7,1156,896.0275,1,263.7301,258.3,256.86459,1,2284.35,2217.1,1578.0925,1,3069.55,3040.05,1927.8425,1,1055.9,1020.55,637.494,1,970.65,959.05,939.7,1,109.1736,107.4793,83.5165295,1,271.2,266.4,273.57,0,119.05,111.25,75.735,1,NA,NA,NA,NA,525.15,473,329.4825,1,418.2,405.95,311.26,1,399.95,393.5,434.9175,0,1393.45,1381.8,1027.24,1,636.425,633.7,551.11,1,NA,NA,NA,NA
31-08-2016,309.75,307.75,225.03125,1,1281.55,1270.85,1009.42,1,316.1,315.05,315.3925,0,1157.9,1149,880.88,1,285.1201,282.9001,255.129085,1,2226.45,2200,1528.5125,1,2967.3,2846,1846.7425,1,1101.11,1081.105,604.95175,1,948.35,943.5,938.05625,1,108.843,107.1074,81.9152875,1,290.6,288.75,272.8225,1,113.45,102,73.9125,1,NA,NA,NA,NA,474.95,471.6,313.65,1,417.6,416.3,303.2725,1,389.275,386.525,437.316875,0,1405.45,1390,998.4775,1,645.6,632.75,546.2225,1,NA,NA,NA,NA
29-07-2016,277.5,275.5,215.8475,1,1029,1025,999.465,1,337.4,328.15,318.225,1,1114.15,1102.25,860.6,1,307.2001,303.0001,252.681085,1,1921.65,1904.85,1486.59,1,2723.9,2652.65,1763.76,1,1037.265,1025,567.316,1,933.35,930,935.27625,0,107.314,105.5372,80.363633,1,303.6,303.05,269.98,1,102.95,98,72.325,1,NA,NA,NA,NA,452.9,448.2,299.955,1,389.65,380.55,296.16,1,376.475,372.75,437.814375,0,1374.5,1373,969.115,1,623.1,617.5,537.7325,1,NA,NA,NA,NA
30-06-2016,260.275,259.5,209.16875,1,1028.75,974.7,1008.4525,0,363.35,360.55,319.845,1,1003.3,996.05,842.1275,1,282.0301,278.4001,250.399585,1,2050.5,1922,1454.4675,1,2321.6,2279.55,1685.095,1,799.67,768.005,530.912,1,918.5,910,935.13875,0,96.19835,91.15702,78.8367755,1,308.65,304.6,266.845,1,86.3,85,71.4375,1,NA,NA,NA,NA,393.3,387,285.815,1,359.9,354.6,292.65,1,365.225,363.2,439.77,0,1253.6,1243.05,941.3,1,588.225,581.075,530.50625,1,NA,NA,NA,NA
31-05-2016,259.675,257.025,203.78125,1,941.2,937,1003.9975,0,310.05,308.75,319.1575,0,984.85,980.7,824.8125,1,266.6101,256.2301,246.51158,1,1879.05,1865.05,1415.73,1,1820.65,1798.7,1622.4325,1,758.88,747,504.971,1,861.35,853.8,931.47375,0,88.05785,87.31405,77.53099,1,289.7,288.25,262.7375,1,82.35,82,70.8,1,NA,NA,NA,NA,363.6,353.4,274.0375,1,364.5,355.95,288.925,1,369.9,368.175,441.61375,0,1237.7,1222.35,919.53,1,590.95,588.7,523.89125,1,NA,NA,NA,NA
29-04-2016,266.025,262.5,197.765,1,990.9,980.25,1003.9525,0,310.55,308.95,322.7975,0,866.25,861.65,807.0475,1,265.6201,261.0301,245.24558,1,1800.95,1782,1391.2575,1,1875.35,1842,1587.8825,1,682.91,679.52,480.6335,1,840.85,836.1,931.97,0,77.6033,77.23141,76.6776845,1,275.8,271.15,259.36,1,70.05,69.1,70.6075,0,NA,NA,NA,NA,354.1,352.05,264.265,1,332.2,330.45,283.9425,1,375.15,373.6,444.553125,0,1088.45,1074.2,898.555,1,566.175,553.1,516.16,1,NA,NA,NA,NA
31-03-2016,257.725,255.175,191.48125,1,939.8,930,998.335,0,311.65,307,323.60625,0,868.4,865.1,794.945,1,247.1401,243.0901,244.09808,0,1534.3,1495,1369.04,1,1711.1,1685.6,1546.78,1,692.415,673.5,458.845,1,830.85,818.5,928.33,0,78.34711,75.57851,75.9814035,0,249.9,246.4,257.2,0,68,67.45,70.955,0,NA,NA,NA,NA,338.6,331.1,254.8075,1,321.35,312.7,281.5425,1,407.05,404.95,446.18,0,1105.6,1098,885.0425,1,535.575,532.525,508.94,1,NA,NA,NA,NA
29-02-2016,213,210,183.97125,1,807.05,755,990.33,0,288.7,284,323.44,0,846.1,841.6,782.9575,1,205.14,199.83,242.092575,0,1352.65,1315,1351.9625,0,1611.9,1586.85,1508.4375,1,593.205,564.395,435.18625,1,820.4,808.2,925.9425,0,69.75207,68.59504,75.1074365,0,237.15,235,255.0675,0,59.65,59.25,71.595,0,NA,NA,NA,NA,278.85,271.2,244.2725,1,272.2,267.15,277.4545,0,406.625,397.5,445.26625,0,1060.3,1022.05,870.6725,1,485.925,464,503.01125,0,NA,NA,NA,NA
29-01-2016,246.35,243.975,178.39,1,821.9,801.55,988.7975,0,317.65,315,323.04375,0,869.9,859,770.3525,1,253.5901,243.0301,242.35883,1,1452.5,1445,1328.8575,1,1861.65,1850.1,1474.58,1,592.84,575.6,415.55875,1,857.95,851.95,922.63625,0,66.1157,65.70248,74.7210725,0,250.65,243.15,252.585,0,65.9,64.6,72.9925,0,NA,NA,NA,NA,355.4,340.3,235.9225,1,296.7,292.1,275.5695,1,432.875,421.15,443.686875,0,1180,1145.05,858.5675,1,524.925,517.6,499.25375,1,NA,NA,NA,NA
31-12-2015,261.55,260.05,170.12,1,892.65,889.95,985.47,0,365.3,362.1,316.975,1,883.55,875,752.2375,1,262.4101,259.2001,238.567575,1,1611.75,1605,1297.0025,1,1987.9,1952,1424.0975,1,600.995,596.14,396.021,1,972.85,967.3,914.41,1,76.15702,74.91736,74.2314035,1,276.95,273.3,249.475,1,73.55,73,74.137,0,NA,NA,NA,NA,423.3,420,222.765,1,304.7,298.15,270.4385,1,427.55,418.475,439.775,0,1263.75,1233.9,840.4775,1,541.075,537.5,492.82625,1,NA,NA,NA,NA
30-11-2015,248.075,243.75,160.32375,1,878,878,971.015,0,323.2,306,305.96,1,838.5,834,733.3175,1,248.6101,245.5501,233.57782,1,1640,1640,1243.4925,1,1922.15,1914,1366.31,1,554.1,547.36,375.32075,1,966.15,964.65,901.635,1,70.86777,70.24793,72.842974,0,272.55,271.6,244.59,1,71.4,69.8,73.091,0,NA,NA,NA,NA,392.1,375.2,205.265,1,285.75,284.75,264.5175,1,435.475,431.325,435.93375,0,818.2,818.2,818.2,0,538.875,534.85,483.805,1,NA,NA,NA,NA
30-10-2015,256,253.05,150.99125,1,959.15,942,955.0575,0,306.05,306.05,296.04875,1,830.65,826.4,718.79,1,248.6401,246.6901,228.138065,1,1670.25,1532.15,1183.18,1,1968,1942.1,1309.605,1,522.235,518.8,356.57075,1,955.35,946.75,887.64,1,74.29752,71.77685,71.524792,1,269.75,268.35,239.945,1,65.1,64.25,71.656,0,NA,NA,NA,NA,346.55,328.5,188.645,1,253.6,252.1,259.569,0,435.85,433.775,431.54375,1,818.2,818.2,818.2,0,549.8,545.225,475.58125,1,NA,NA,NA,NA
30-09-2015,275.125,261.5,140.885,1,991.7,940.1,935.5275,1,308.75,303,286.5625,1,841.6,807.9,700.9075,1,254.4901,252.3901,221.34756,1,1555.5,1502.05,1120.6975,1,1729.5,1725,1247.31,1,513.125,502.2,338.3165,1,961.5,943.5,872.71125,1,75.99174,75.57851,69.7252055,1,276,274.8,235.13,1,63.1,62.35,70.445,0,NA,NA,NA,NA,334.8,328,174.4575,1,252.25,248.55,254.577,0,491.075,476.925,429.445625,1,818.2,818.2,818.2,0,534.4,530.675,464.83125,1,NA,NA,NA,NA
31-08-2015,211.925,210,129.58375,1,917.15,902,911.5175,0,300.35,296.65,276.94625,1,848.6,845.05,682.4125,1,259.2001,252.6001,213.714805,1,1352.85,1306,1063.48,1,1809.8,1770,1194.8425,1,502.12,499.9,320.316,1,977.4,970,857.13125,1,79.21487,78.80165,67.9462795,1,273.05,271.2,229.93,1,61.35,60,68.815,0,NA,NA,NA,NA,295.4,293.5,160.4675,1,260.15,257.5,249.7515,1,485.525,479.1,423.169375,1,818.2,818.2,818.2,0,513.725,507.775,453.82375,1,NA,NA,NA,NA
31-07-2015,208.9,202.525,121.46375,1,994.55,979.75,889.58,1,276.5,275.5,268.2275,1,882.8,855.15,664.4825,1,223.02,221.4001,205.705551,1,1270.55,1232.55,1018.405,1,1845.7,1833,1141.4875,1,551.13,538.055,303.11625,1,994.925,974,842.095,1,83.55372,82.89256,66.1218995,1,293.3,289.6,224.795,1,71.3,71,67.248,1,NA,NA,NA,NA,294.25,289.05,148.3975,1,279.1,277.35,244.653,1,499.125,478,414.675,1,818.2,818.2,818.2,0,555.825,551.5,444.78375,1,NA,NA,NA,NA
30-06-2015,170.1,166.075,113.12875,1,1007.3,965.05,860.8225,1,281.6,276.5,259.9025,1,755.35,737,645.525,1,233.1301,228.1801,198.334552,1,1195.2,1147.2,975.485,1,1532.1,1501.05,1085.8225,1,544.34,538,282.6125,1,1019.875,1000,823.92375,1,83.42975,82.80991,63.9772715,1,280.1,275.1,218.4125,1,62.1,61.05,65.183,0,NA,NA,NA,NA,205.65,195.1,136.285,1,282.65,271.75,238.237,1,459.875,455.5,403.29375,1,818.2,818.2,818.48,0,533.575,524,433.525,1,NA,NA,NA,NA
29-05-2015,158.825,156,106.615,1,1017.4,1008,829.7875,1,287.05,286,250.3225,1,787.05,768,634.73,1,231.0601,226.2001,190.469298,1,1171.3,1151.35,934.5725,1,1527.1,1513.6,1041.1225,1,421.655,411.57,262.16075,1,1001.9,995,803.90625,1,84.91736,82.85124,61.789255,1,269.85,268.55,213.34,1,67.05,65.5,63.42075,1,NA,NA,NA,NA,196.15,188.6,128.5525,1,275.75,270.7,231.501,1,505.375,481,393.991875,1,818.2,818.2,820.3225,0,525.275,513.575,423.86625,1,NA,NA,NA,NA
30-04-2015,156.825,154.7,100.43,1,1150.6,1110.25,794.6325,1,330.15,326.05,239.495,1,762.45,747.2,618.34,1,264.7201,259.5301,182.140544,1,1158.05,1106,892.3025,1,1434.9,1375,995.04,1,404.43,395.1,246.9055,1,994.1,988.075,784.80875,1,78.01653,77.19008,59.295453,1,251.9,250.5,208.3225,1,69,66.5,61.33825,1,NA,NA,NA,NA,183.2,180.1,121.095,1,279.8,277,224.072,1,440.275,431.25,382.313125,1,818.2,818.2,817.625,1,494.4,489.525,412.42875,1,NA,NA,NA,NA
31-03-2015,175.4,171.975,94.27625,1,1252.55,1175.1,753.2425,1,314.55,305,226.4875,1,811.3,802.05,601.265,1,268.7101,255.9301,171.99094,1,1132,1110,849.15,1,1414.55,1395.05,952.8,1,410.845,398.99,231.818,1,1007.15,992.75,765.18625,1,80.08264,79.2562,57.0413205,1,265.55,264.45,203.8825,1,68.5,65.05,59.03825,1,NA,NA,NA,NA,181.65,180.6,113.9825,1,305.25,302.3,216.106,1,490.2,483.5,373.305,1,818.2,818.2,812.6475,1,511.35,507.425,402.55875,1,NA,NA,NA,NA
27-02-2015,145.275,143,87.4575,1,1149.7,1109.8,705.9675,1,328.45,312.5,214.26,1,807.15,796.1,586.08,1,267.1201,258.3601,161.819136,1,1302,1291,808.035,1,1422.15,1403.25,911.5525,1,410.71,406.105,216.9955,1,960.55,957,749.22625,1,82.39669,81.81818,54.9876015,1,265.15,260.1,198.675,1,74.55,73.6,56.92075,1,NA,NA,NA,NA,199.75,197.75,106.955,1,273.9,265.45,206.928,1,505.5,493.8625,360.514375,1,818.2,818.2,811.76,1,527,522.725,392.235,1,NA,NA,NA,NA
30-01-2015,142.325,140.3,82.17875,1,1137.5,1126,664.99,1,330.45,316,201.34125,1,857.75,854.1,568.905,1,229.02,221.9701,151.7994315,1,1292.75,1288,757.925,1,1447.55,1398,872.57,1,405.055,401.01,203.38375,1,937.775,932.75,735.12125,1,77.14876,76.81818,53.148759,1,256.25,251,193.1875,1,82.6,82.5,54.59325,1,NA,NA,NA,NA,208.5,206.8,99.1675,1,258.45,257.35,200.5855,1,447.9375,438.2875,344.939375,1,818.2,818.2,814.8025,1,538.675,532.125,382.6225,1,NA,NA,NA,NA
31-12-2014,126.075,124.5,77.25625,1,1082.45,1057.25,623.985,1,372.75,350.25,188.34375,1,752.3,749.1,550.333,1,236.1601,234.2401,143.498432,1,1388,1380,710.695,1,1307.65,1305.1,833.34,1,348.395,340.505,190.49275,1,892.75,888.175,724.48375,1,77.80991,76.73553,51.580577,1,233.75,230.25,188.1925,1,81.7,80.75,51.83825,1,NA,NA,NA,NA,201.05,196.15,90.93,1,275.35,274.05,195.0515,1,399.225,390.95,331.853125,1,818.2,818.2,818.4,0,475.8,474.875,373.20125,1,NA,NA,NA,NA
28-11-2014,143.925,139.6,73.25125,1,1208.75,1152.65,585.28,1,369.8,365,173.58125,1,744.7,715.6,536.12425,1,261.5701,255.0001,133.9713275,1,1279.2,1252.4,659.62,1,1150.6,1133.2,805.0525,1,309.185,304.55,179.20425,1,930.6,925.65,716.6325,1,76.77685,75.16529,49.950412,1,240.9,240.15,183.895,1,85.2,84.7,49.12825,1,NA,NA,NA,NA,170.1,164,83.1025,1,319.45,307.7,187.8685,1,415.5875,411.175,320.909375,1,818.2,818.2,819.87,0,478.575,473.5,366.46875,1,NA,NA,NA,NA
31-10-2014,152.525,146,68.06875,1,939.65,923.7,540.7375,1,349.6,346,158.89125,1,657,647.1,523.4755,1,204.27,203.3701,123.079523,1,1275.75,1267.65,610.625,1,1068.35,1058.55,786.1,1,280.85,278,169.4855,1,845.2,841.35,701.14375,1,70.08264,67.89256,48.283057,1,226.5,218.6,178.6975,1,73.55,72,46.19325,1,NA,NA,NA,NA,157.75,156.95,76.73,1,285.4,280.4,178.334,1,402.1,395.9625,310.0675,1,818.2,818.2,820.2725,0,455.925,448.675,358.17375,1,NA,NA,NA,NA
30-09-2014,139.35,136.5,62.54625,1,940.3,916,509.645,1,382.85,370.1,145.03625,1,629.55,622.4,511.9865,1,241.2901,237.6001,115.2645235,1,1389.6,1360,562.835,1,1129.65,1080.25,773.1925,1,272.13,265.295,161.84975,1,871.275,836.5,690.68875,1,70.99174,70.45454,47.0557845,1,222.15,220.25,173.6925,1,78.5,78.25,43.82525,1,NA,NA,NA,NA,168.15,166.15,71.12,1,264.85,260.2,170.443,1,428.6875,426.5125,299.005,1,818.2,818.2,817.245,1,436.325,430.575,351.01125,1,NA,NA,NA,NA
28-08-2014,140.35,138.75,58.08625,1,878.55,835.25,478.83,1,326.725,315,130.2475,1,624.2,620.05,503.01475,1,242.6701,240.0001,105.320719,1,1356.6,1340,511.4375,1,1053.3,1033,759.31,1,247.14,245.08,154.702,1,768.05,765.275,680.8775,1,63.67768,63.42975,46.0619825,1,232.6,227.5,169.22,1,77,74.4,41.19975,1,NA,NA,NA,NA,164.95,161,65.16,1,284.2,281.2,163.7835,1,407.6875,406.2,286.170625,1,818.2,818.2,815.6625,1,421.775,417,345.27125,1,NA,NA,NA,NA
31-07-2014,107.525,106.525,53.59375,1,779.7,761.25,451.305,1,308.325,295,117.54625,1,628.65,625.1,493.9675,1,207.03,203.7,95.3172145,1,1192.75,1170.2,464.7575,1,944.25,932,751.8225,1,219.24,218.5,148.914105,1,783.1,777.75,681.6525,1,60.86777,60.70248,45.1859495,1,207.25,200,164.035,1,80.8,79.1,38.675,1,NA,NA,NA,NA,127.9,118,59.4325,1,239.59,230.31,155.9395,1,388.775,385.275,273.52,1,818.2,818.2,816.195,1,417,414.275,341.1475,1,NA,NA,NA,NA
30-06-2014,101.375,98.6,50.53375,1,776.4,771,429.0625,1,280.775,275.05,105.63625,1,594,584.7,484.18675,1,210.4651,198.735,87.063615,1,890.55,878.05,426.35,1,934.75,921.55,748.72,1,200.655,199.5,144.64217,1,754.275,752.5,678.52375,1,62.02479,61.4876,44.291321,1,187.5,185.75,160.075,1,87.6,84,35.961,1,NA,NA,NA,NA,111.85,110,55.585,1,234.5,231.6,149.698,1,375.0375,371.25,262.2875,1,818.2,818.2,817.46,1,410.775,409.95,337.89625,1,NA,NA,NA,NA
30-05-2014,80.95,79.5,47.78,1,755.35,736.35,409.715,1,196.275,190.85,95.13875,1,507.6,501.75,473.84275,1,177.765,174.36,78.6268605,1,815.4,811,401.6975,1,852,847.7,744.56,1,202.085,197,140.850615,1,693.425,683.65,672.95,1,56.32232,55.82645,43.2195065,1,188.45,178.6,156.9175,1,88.79,87,32.5825,1,NA,NA,NA,NA,92.25,89.1,52.5425,1,194.08,188.3,143.7425,1,354.6375,344.1875,251.135625,1,818.2,818.2,814.6675,1,396.375,365,333.2125,1,NA,NA,NA,NA
30-04-2014,65.625,64.35,45.6975,1,603.55,580.1,389.7925,1,145,145,88.64875,1,505.15,498.2,468.13675,1,162.615,161.58,71.533511,1,541.55,535.65,377.7775,1,832.15,819.95,745.64,1,186.99,182.8,136.47748,1,717.35,710,668.45375,1,48.38843,47.72727,42.2826205,1,179.25,177.8,153.895,1,52.63,52.5,29.02225,1,NA,NA,NA,NA,73.3,72,50.3925,1,186.28,185,140.2835,1,350.725,348.8625,240.621875,1,818.2,818.2,812.4775,1,360.65,355.825,329.1225,1,NA,NA,NA,NA
31-03-2014,61.425,61,44.20375,1,558.85,547.7,376.3725,1,124.975,124.975,84.14875,1,547.95,535,461.08275,1,139.815,139.2,65.0008615,1,433.75,425.15,365.51,1,788.05,765.1,743.144355,1,179.1,176.5,132.224165,1,686.25,683,662.7675,1,44.50413,44.00826,41.710244,1,179.65,177.85,151.06,1,42.7,42.495,27.22075,1,NA,NA,NA,NA,59.7,59.4,49.18,1,186.78,181.82,136.408,1,347.675,345.25,229.890625,1,818.2,818.2,808.3325,1,374.4,371.55,325.97375,1,NA,NA,NA,NA
28-02-2014,53.875,53.25,42.98125,1,568.55,554,364.2175,1,116.325,112.525,80.33125,1,473,470.55,451.89675,1,112.83,112.215,59.391612,1,420.6,415.6,357.3675,1,722.1,712,740.318955,0,157.15,154.995,128.310215,1,656.775,655.5,657.41125,0,38.30579,38.1405,41.341023,0,173.45,172.1,148.0425,1,40.88,38.6,25.88525,1,NA,NA,NA,NA,62.8,61.6,48.6575,1,153.76,152,132.436,1,393.8875,382.5,218.98875,1,818.2,818.2,801.98,1,334.8,332.575,321.9475,1,NA,NA,NA,NA
31-01-2014,49.1,47.375,42.1375,1,511.5,505,352.9725,1,116.425,116.425,76.965,1,471.7,467.05,447.6895,1,101.835,96.91502,55.092012,1,411.15,408.7,347.4875,1,680.15,671.05,737.831385,0,153.115,150,124.8853115,1,649.9,640,654.50375,0,40.41322,40.08264,41.288871,0,172,167.95,145.0975,1,30.5,30.47,24.68125,1,NA,NA,NA,NA,55,54.55,48.0375,1,155.74,154.2,130.58,1,365.55,357.525,205.25,1,818.2,818.2,793.73,1,314.25,312.55,319.29625,0,NA,NA,NA,NA
31-12-2013,49.525,49.5,41.3475,1,478.4,478.05,345.57,1,125.975,125.975,73.66875,1,490,486.5,444.21225,1,99.01502,98.40002,51.2689625,1,451.35,440,336.855,1,742.7,723.05,736.033935,0,158.125,155.145,121.355867,1,676.675,673.05,652.11125,1,42.72727,41.57025,40.89175,1,170.35,169.8,141.7125,1,30.01,30.01,23.94625,1,NA,NA,NA,NA,54,54,47.75,1,158.18,157.29,128.3835,1,315.6375,309.5375,193.273125,1,818.2,818.2,785.5525,1,332.925,330.05,316.23875,1,NA,NA,NA,NA
29-11-2013,42.2,41.225,40.665,1,419.4,410.25,339.4025,1,110,110,69.7325,1,503.65,502.2,437.34625,1,75.60002,75.00002,47.518212,1,412.15,406.25,324.0875,1,732.4,712.6,734.842345,0,141.055,137.6,117.6944555,1,631.5,621.425,646.00125,0,40.66116,38.92562,40.496937,0,165.65,163.3,138.7875,1,30,30,23.2615,1,NA,NA,NA,NA,52,50.6,47.4975,1,150.78,148.6,126.0275,1,271.5,265.625,183.891875,1,823.8,812.25,778.3225,1,330.65,327.5,313.155,1,NA,NA,NA,NA
31-10-2013,39.825,38.65,40.0675,0,386.6,385,336.825,1,90,90,66.39125,1,539.45,526.6,428.37375,1,75.82502,74.70002,44.9052115,1,376.95,375,313.0775,1,638.1,623.25,728.26115,0,135.305,130.04,114.5977415,1,619.525,617.5,642.3825,0,39.66942,38.76033,40.1982775,0,178.65,175.65,135.835,1,26.855,26.855,22.479,1,NA,NA,NA,NA,51,51,47.3025,1,147.93,146.44,124.2095,1,273.8375,271.5375,176.3575,1,855.05,844.05,770.7975,1,340.4,336.7,309.61875,1,NA,NA,NA,NA
30-09-2013,35.125,34.45,39.55,0,314.3,313,334.9875,0,70.5,70.5,63.955,1,459.25,456.4,417.254,1,64.48502,62.92501,42.2272605,1,325.9,323.95,303.2775,1,605.45,592.3,727.885845,0,116.55,115.51,111.6726665,1,619.95,612.5,637.62,0,35.04132,34.79339,39.906292,0,169.5,168.2,132.105,1,25.4,25,22.0115,1,NA,NA,NA,NA,47,47,47.3075,0,127.17,124.4,122.239,1,271.8,268,168.7275,1,764.25,755.7,761.2025,0,296.525,293.85,305.52625,0,NA,NA,NA,NA
30-08-2013,33.75,33.4,39.1875,0,322.8,320,333.8425,0,70,70,62.45875,1,420.95,393.75,409.268,0,61.72802,58.33801,39.9276095,1,295,292,295.735,0,590.1,585,719.679465,0,102.68,98,109.491754,0,601.65,595,631.705,0,32.93388,32.7686,39.7044565,0,163.1,158.55,128.34,1,23,23,21.4925,1,NA,NA,NA,NA,40.95,39,47.6075,0,120.48,119.61,120.69,0,260.1125,252.475,160.608125,1,718.65,698.5,757.8825,0,297,285.325,303.0025,0,NA,NA,NA,NA
31-07-2013,39.025,37.7,38.675,0,307.05,291,331.255,0,70,70,60.98375,1,507.6,495.15,401.18225,1,65.27402,63.91801,37.6203085,1,309.7,302.1,287.705,1,589.6,586.25,711.26058,0,114.395,110.98,107.302374,1,687.95,663.55,626.38625,1,39.00826,37.68595,39.607993,0,161.4,160.1,125.1575,1,26.15,26.15,21.1075,1,NA,NA,NA,NA,41.1,41.1,47.835,0,121.69,119.94,118.518,1,234.3875,219.25,152.451875,1,800.45,794.6,754.5525,1,304.875,303.45,298.82375,1,NA,NA,NA,NA
28-06-2013,39.7,39.5,37.94125,1,330.15,318.15,329.65,0,70.075,70.075,59.83125,1,463.65,454.5,390.199,1,66.72601,66.60001,35.1912075,1,299.8,295,280.745,1,642.5,635,702.608795,0,138.475,134.67,104.644805,1,678.45,669,617.025,1,45.61984,44.91736,39.197082,1,155.4,151.75,121.8525,1,28,27,20.589,1,NA,NA,NA,NA,44,44,48.1075,0,147.05,142.79,116.571,1,194,192.475,145.53,1,879.05,839,746.615,1,334.75,324.55,294.6425,1,NA,NA,NA,NA
31-05-2013,43.875,43.5,37.15875,1,317.4,286.65,328.6525,0,70.5,70.5,58.6775,1,486.31,485.02,382.81425,1,63.00001,62.40002,33.0054075,1,348.15,347,275.5075,1,662.95,661.3,697.10363,0,147.235,145.6,101.0487205,1,725.025,723.625,608.15625,1,45.78512,45.49587,38.5503585,1,156.35,155.8,119.1475,1,27.5,27.5,20.089,1,NA,NA,NA,NA,43.75,43.75,48.65,0,147.77,144.3,112.773,1,186.2125,185.0125,141.376875,1,890.15,883.65,737.105,1,350.25,348.85,290.155,1,NA,NA,NA,NA
30-04-2013,45.975,45.5,36.155,1,308.35,306,328.4,0,77.5,74.975,57.29625,1,468.125,463.105,374.2865,1,45.61801,45.01201,30.9783075,1,366.5,365.05,268.565,1,741.9,740.1,689.71631,1,122.625,121.555,96.7702835,1,735.725,707.5,596.47375,1,45.20661,44.71074,37.8417295,1,147.8,144.75,116.48,1,27.5,27.5,19.54425,1,NA,NA,NA,NA,44.5,44.5,49.1175,0,131.69,130.46,109.039,1,180.35,174.8125,137.180625,1,847.6,843.65,724.6425,1,341.15,338.4,284.33375,1,NA,NA,NA,NA
28-03-2013,40.275,37.325,35,1,317.9,305.05,329.2275,0,76,75,55.57375,1,491.725,484.71,367.3105,1,43.73401,43.20001,29.828107,1,299.3,291.55,260.1925,1,771.55,757.95,679.00044,1,114.81,110.655,93.6278605,1,620.825,612.75,583.46375,1,43.42975,43.05785,37.2263955,1,136.95,132.8,114.6275,1,26.5,26.2,19.1335,1,NA,NA,NA,NA,42.65,42.25,49.68,0,128.76,111.4,105.805,1,198.75,195,133.32625,1,826.25,805.2,715.395,1,312.675,303.475,279.075,1,NA,NA,NA,NA
28-02-2013,42.075,41.5,34.27125,1,317.8,316.55,332.5175,0,72.5,72.25,54.02625,1,427.22,422.5,358.39425,1,47.97001,47.76001,28.836007,1,319.95,316.9,255.5025,1,810.2,808.8,666.73821,1,128.135,126.625,91.2910525,1,636.1,627.05,576.82,1,45.53719,44.71074,36.814339,1,126.4,124.45,112.9825,1,26.19,25.61,18.86475,1,NA,NA,NA,NA,45.55,45.3,50.595,0,127.58,118.44,102.9975,1,180.85,179.975,129.47375,1,757.65,750,708.5325,1,312.675,309.675,275.61125,1,NA,NA,NA,NA
31-01-2013,50.15,49.275,33.37375,1,324,318.5,335.2575,0,87.075,85.325,52.48375,1,450.115,448.25,352.95875,1,42.41401,41.88601,27.6003065,1,361.65,357.1,248.4025,1,852,832.5,651.48979,1,129.175,128.1,87.8471395,1,675.05,667,569.57375,1,51.1157,50.41322,36.132411,1,132.7,128.5,112.3625,1,25.99,25.5,18.48025,1,NA,NA,NA,NA,48.95,48.55,51.4,0,131.66,130.6,100.4635,1,172,170.025,126.615625,1,786.55,784.55,705.965,1,321.525,320.05,272.55525,1,NA,NA,NA,NA
31-12-2012,50.5,49.625,32.1975,1,328.05,325.1,337.06,0,72.7,70.325,50.18625,1,443.255,438.18,346.12,1,42.60001,42.52201,26.5296065,1,423,420.6,239.315,1,903.55,900.1,634.35523,1,131.3821,129.2203,84.3842605,1,783.55,765,558.1625,1,46.15702,45.61984,35.157253,1,128.9,128.5,111.6075,1,26.505,26.505,18.08325,1,NA,NA,NA,NA,50.4,50,52.1225,0,127.32,126.44,97.975,1,154.675,154,124.450625,1,828.85,827,700.84,1,339.3,337,268.47675,1,NA,NA,NA,NA
30-11-2012,46.325,45.4,31.06,1,334.85,332.7,338.88,0,70.125,70,48.61375,1,433.035,429.04,337.83025,1,41.95801,41.76001,25.398306,1,424.6,422.25,227.39,1,882.2,866,615.139315,1,133.8013,132.6257,81.2132605,1,720.525,717.65,541.59375,1,42.9752,42.9752,34.4067845,1,128.05,126.05,110.22,1,26.52,24.91,17.676,1,NA,NA,NA,NA,50.95,50.4,52.955,0,114.76,114.37,95.579,1,164.125,157.8875,123.231875,1,843.5,822,694.7375,1,351.975,344.8,262.9895,1,NA,NA,NA,NA
31-10-2012,46.3,43.5,29.97,1,389.45,366,339.555,1,70.825,70.25,47.1825,1,387.12,385.105,328.8075,1,41.73001,39.74401,24.1038055,1,397.5,395.2,214.875,1,851.55,840.75,596.78458,1,124.8239,123.3908,77.9230015,1,642.8,637,525.92,1,40.5885,40.08785,33.860108,1,124.35,123.65,108.6225,1,20.03,19.655,17.233,1,NA,NA,NA,NA,51,51,53.3575,0,115.39,113.44,93.548,1,152,150.75,121,1,762.35,744.15,687.6225,1,317.1,315.025,257.12,1,NA,NA,NA,NA
28-09-2012,39.3,39,28.8525,1,356.9,355.15,336.1325,1,66.475,65.025,45.71625,1,393.48,390,321.455,1,35.89801,35.40001,22.759205,1,337,330.1,202.705,1,873.6,856,575.46758,1,114.6223,113.1941,74.6679615,1,603.5,599.225,514.3125,1,37.5846,37.29851,33.397006,1,128,124.25,107.3925,1,17.585,17.5,17.2015,1,NA,NA,NA,NA,49.25,49,53.7025,0,124.9,124.21,90.9485,1,144.3625,143.1375,118.930625,1,774.4,763.05,680.965,1,314.575,313.05,251.52625,1,NA,NA,NA,NA
31-08-2012,35.75,35.4,28.2175,1,335.15,327.9,337.8525,0,55,55,44.3675,1,364.07,363.025,314.6685,1,31.96201,31.20001,21.7773045,1,296.2,290,194.925,1,782.2371,776.244,551.869125,1,101.9237,101.2048,71.7906235,1,603.625,600.5,504.73875,1,36.9409,36.51177,33.0197295,1,122.55,121.6,105.6775,1,16.6,16.6,17.303,0,NA,NA,NA,NA,49.05,49,54.585,0,108.77,107.37,88.1595,1,136.1,135.15,117.846875,1,735.3,725.25,673.6625,1,297.675,294.625,246.034,1,NA,NA,NA,NA
31-07-2012,36.975,36.75,28.03875,1,315.75,308.45,341.3975,0,48.625,48,43.86875,1,364.23,356.06,310.8585,1,27.63001,27.00601,21.144304,1,270.9,268.2,189.36,1,731.542,718.6226,535.49392,1,100.821,97.25528,70.1124615,1,579.125,568.125,496.30375,1,37.11971,36.83362,32.94642,1,119.3,118.55,104.5625,1,15.99,15.83,17.448,0,NA,NA,NA,NA,49.25,48.85,55.97,0,107.34,106.56,86.684,1,129.6375,128.625,116.745,1,691.15,676,673.315,1,293.875,289.925,242.882,1,NA,NA,NA,NA
29-06-2012,37,36.025,27.81875,1,343.65,322.6,346.45,0,49,48.7,43.56875,1,388.855,377.005,305.8915,1,26.838,26.17201,20.7297035,1,223,221.35,184.49,1,672.3486,661.4432,522.10786,1,88.65193,87.44231,68.5076515,1,598.625,587.275,489.4975,1,37.26275,36.83362,32.871322,1,114.55,113.05,103.2775,1,16.8,16.8,17.5735,0,NA,NA,NA,NA,50.4,49.4,57.0475,0,116.64,115.4,85.1355,1,119.1125,115.375,115.31,1,653.2,647.75,673.09,0,281.775,276.025,239.61525,1,NA,NA,NA,NA
31-05-2012,33.3,33,27.71875,1,363.45,344.3,350.065,0,50.5,50.5,43.7,1,402.155,378.11,299.8875,1,25.37401,25.20001,20.487904,1,198.5,198.1,181.9475,1,644.201,642.0887,511.588135,1,82.52611,81.61282,67.8372605,1,602.05,590.5,481.57,1,32.4708,31.86287,32.8176805,0,104.3,101.25,102.5375,0,15.8,15.8,17.696,0,NA,NA,NA,NA,49.25,45.25,58.465,0,111.81,108,83.4475,1,126.0125,123.7875,114.401875,1,654.65,643.65,674.815,0,253.1,247.675,236.926,1,NA,NA,NA,NA
30-04-2012,35.875,34.4,27.52625,1,355.05,355,351.8925,1,47.25,46.35,43.44,1,352.68,350,293.09575,1,24.00001,24.00001,20.2944035,1,196,195.6,179.12,1,718.8682,712.2857,505.62704,1,84.89677,83.55598,67.4687885,1,554.475,553.7,473.24875,1,34.83101,34.65221,32.805164,1,111.85,110.9,102.7225,1,16.315,16.01,17.804,0,NA,NA,NA,NA,48.95,48.5,59.945,0,111.06,108.24,81.86475,1,128.0125,126.5,113.360625,1,673.6,672.3,678.7425,0,271.25,270.175,236.71775,1,NA,NA,NA,NA
30-03-2012,30.25,29.3,27.09125,1,367.85,360.2,352.285,1,43.175,43,43.26375,0,324.2,319.995,289.275,1,23.34001,22.60801,19.844703,1,191.95,186.4,176.0125,1,600.7761,595.3726,493.24555,1,79.12072,76.27399,66.2037895,1,559.125,554,466.16375,1,34.68797,33.68667,32.62636,1,106.6,104.6,102.36125,1,14.35,14.25,NA,NA,NA,NA,NA,NA,48.1,47.6,61.3025,0,114.42,112,80.27525,1,120.8125,118.05,111.741875,1,673.3,670.3,676.4125,0,259.925,254.875,233.8265,1,NA,NA,NA,NA
29-02-2012,29.475,28.275,26.86875,1,349.85,338.5,351.805,0,41.275,39.225,43.46375,0,317.055,314.1,286.08175,1,22.266,22.20001,19.4277025,1,180.95,180.2,171.8225,1,630.5939,574.6918,484.34198,1,76.8035,75.77848,65.011902,1,524.275,521.5,459.28375,1,33.82971,33.25754,32.306301,1,104.05,102.9,101.9725,1,17.505,16.1,NA,NA,NA,NA,NA,NA,51.1,50.75,62.8375,0,108.52,106.8,77.85225,1,121.2375,120.4875,110.60375,1,663.15,660.6,672.55,0,258.55,256.675,231.46475,1,NA,NA,NA,NA
31-01-2012,27.875,27.45,26.62375,1,291.4,281.6,353.4525,0,40.575,40.575,44.0075,0,299.53,292.41,281.738,1,18.492,18.36,19.0549525,0,175.05,171.5,167.815,1,441.3224,422.0661,474.28647,0,72.93175,69.75954,63.478261,1,501.65,492.025,453.99875,1,31.00461,30.39667,31.9111445,0,94.2,93,102.035,0,15.02,15.005,NA,NA,NA,NA,NA,NA,53,51,64.12,0,96.19,89.8,75.5665,1,109.4125,107.525,109.09375,0,697.85,689.95,668.8345,1,246.05,239.925,228.13225,1,NA,NA,NA,NA
30-12-2011,23.5,23.25,26.425,0,271.05,267.15,359.0625,0,40.5,40.5,43.9375,0,259.235,257.71,277.192,0,15.582,15.144,18.7882525,0,134.4,132.25,163.36,0,421.7223,415.5818,473.88366,0,58.8924,54.40855,62.048822,0,495.275,488,447.855,1,31.00461,30.21787,31.578569,0,99.45,98.3,101.96,0,15.3,15.1,NA,NA,NA,NA,NA,NA,45.5,45,65.28,0,77.04,76.91,73.6,1,96.9875,96.25,108.4025,0,652.05,648,661.8395,0,213.425,211.05,225.272,0,NA,NA,NA,NA
30-11-2011,24.35,23.5,26.48,0,274.95,270,365.2525,0,46.95,45.025,43.99125,1,287.935,286.12,274.62425,1,16.692,16.584,18.6253525,0,170.5,166,161.2175,1,416.5643,404.9221,469.693455,0,61.24362,60.74326,61.187272,0,500.725,495.5,441.64125,1,30.79004,30.75428,31.2316895,0,95.3,94.35,101.495,0,15.78,15.78,NA,NA,NA,NA,NA,NA,46.55,46.1,66.785,0,82.75,82.05,72.81425,1,95.95,95.0125,108.48375,0,641.7,625.3,657.3765,0,221.25,214.6,224.603,0,NA,NA,NA,NA
31-10-2011,24.05,23.6,26.455,0,310.2,306,371.5525,0,47,46.3,43.295,1,315.955,303.2,270.42175,1,23.01001,22.824,18.3636025,1,195.05,190.5,157.0275,1,532.3967,530.53,465.377985,1,66.55331,66.2667,59.681321,1,501.075,486.25,433.4875,1,32.68537,31.82711,30.716734,1,101.3,99.75,100.7,0,18,17.11,NA,NA,NA,NA,NA,NA,54.85,53.65,67.43,0,71.09,70.7,71.663,0,110.9375,110.25,108.16625,1,688.85,678.1,652.4635,1,245,238.575,223.208,1,NA,NA,NA,NA
30-09-2011,23.8,23,26.365,0,312.35,290.5,372.6725,0,42.875,41.85,42.77,0,315.755,312.705,263.67375,1,22.45801,21.90001,17.734502,1,209.3,206.55,151.595,1,515.2036,512.9931,455.808795,1,61.66626,61.05416,57.8127275,1,491.375,487.975,425.64,1,31.61254,30.82581,30.1231045,1,103,97.75,99.86625,0,16.605,16.605,NA,NA,NA,NA,NA,NA,53.1,52.8,67.6525,0,73.09,68.7,70.7025,0,102.2875,101.5,107.208125,0,640.9,636.25,643.024,0,233.825,232.2,219.482,1,NA,NA,NA,NA
30-08-2011,22.875,22.2,26.35,0,324.9,323.4,374.3075,0,43.05,41.05,42.41,0,328.605,325.1,257.147,1,22.614,21.84001,17.1327015,1,199.05,193,145.2075,1,527.5826,520.7054,445.69925,1,59.77654,57.71193,56.2280785,1,475.525,473,418.0475,1,32.89993,31.82711,29.608149,1,110.75,108.65,98.73625,1,19.285,17.505,NA,NA,NA,NA,NA,NA,55.75,54,68.0375,0,67.01,65.42,69.81475,0,103.2625,97.05,106.42875,0,662.65,650.15,634.8175,1,235.975,229.4,215.946,1,NA,NA,NA,NA
29-07-2011,25.7,25.575,26.38375,0,383.7,375,375.0475,0,45.05,45.05,41.94125,1,313.4,311.5,249.3995,1,23.89201,23.82,16.4860516,1,205.5,196.25,139.315,1,526.3054,522.6703,435.29497,1,68.07384,66.07724,54.769006,1,487.95,480.5,410.72875,1,35.18862,34.79525,28.8178355,1,104.05,103.65,97.285,1,21.125,20.1,NA,NA,NA,NA,NA,NA,60.95,60.3,68.3575,0,72.61,72.3,69.056,1,121.7,119.7625,105.760625,1,689,675.3,627.313,1,243.4,240.55,212.38,1,NA,NA,NA,NA
30-06-2011,24.125,23.7,26.17125,0,372.6,371.2,374.82,0,41.65,41,41.32625,0,318.51,313.21,242.128,1,23.256,23.13601,15.7282512,1,177.95,176.5,132.9575,1,505.2316,499.0912,424.261915,1,59.25674,58.48919,52.766091,1,491.175,483.475,403.51875,1,31.89863,31.82711,27.9613645,1,114,113.5,96.02625,1,18.5,17.6,NA,NA,NA,NA,NA,NA,61.65,60.7,68.0825,0,76.9,76.22,67.259,1,123.6875,122.375,103.889375,1,706.3,696.2,620.5305,1,251.555,247.615,209.04125,1,NA,NA,NA,NA
31-05-2011,26.625,25.825,26.06375,0,360.05,355.05,372.0625,0,41.125,40.075,41.06125,0,313.34,305,234.41375,1,21.00001,20.61,15.0091513,1,179.9,172.1,127.7,1,509.3088,485.3367,414.302195,1,59.91742,59.46077,51.054165,1,446.825,437.5,396.47375,1,31.61254,30.68276,27.172982,1,117.6,111.75,94.12875,1,18.05,18,NA,NA,NA,NA,NA,NA,63.4,61.65,67.84,0,81.89,81.47,64.9345,1,128.7,127.225,101.533125,1,684.05,669.8,611.7995,1,239.955,231.5,204.567,1,NA,NA,NA,NA
29-04-2011,27.75,26.875,26.06875,1,364.45,353,369.6375,0,41.25,41.225,40.75625,1,277.46,269.04,225.7755,1,19.974,19.86601,14.35860085,1,184.5,183.5,122.9875,1,519.2317,515.7931,402.515095,1,67.9621,67.23828,49.220305,1,452.175,440.125,389.95,1,31.14765,30.75428,26.5175585,1,101.15,97.7,91.80875,1,18.36,18,NA,NA,NA,NA,NA,NA,67.05,67,67.825,0,79.4,78.22,62.404,1,130.3,128,99.358125,1,706.8,695.8,605.4925,1,229.555,228.1,200.82175,1,NA,NA,NA,NA
31-03-2011,24.525,24.275,25.75875,0,348.35,337,364.805,0,41.5,41.5,40.44375,1,252.58,251.105,218.904,1,16.068,14.706,13.7163009,1,174.3,170.3,117.515,1,515.1053,505.6246,390.273605,1,67.99612,67.13626,46.813456,1,407.05,404.5,382.5125,1,32.04167,31.89863,25.7847485,1,96.1,94.8,89.8725,1,17.66,17.66,NA,NA,NA,NA,NA,NA,59,58.75,67.6275,0,74.14,72.8,59.9185,1,119.4875,116.2,96.593125,1,701.2,692.7,594.896,1,234.585,230.51,196.699,1,NA,NA,NA,NA
28-02-2011,23.95,23.75,25.57375,0,321,316,358.645,0,41.5,40.1,39.9575,1,240.07,236.4,213.332,1,14.838,14.64,13.27965095,1,154.1,153,112.005,1,425.21,420.838,381.18337,1,59.7231,56.45373,44.337381,1,410.65,404.95,378.8375,1,31.32646,29.43113,24.8735635,1,99.75,98.15,88.50875,1,19.4,19.4,NA,NA,NA,NA,NA,NA,57.9,57,67.23,0,63.4,62.69,57.71,1,110.6125,108.75,93.63125,1,629.2,623.1,585.1965,1,205.225,203.5,192.46525,1,NA,NA,NA,NA
31-01-2011,26.6,26.25,25.36125,1,391.3,380,353.9975,1,39.5,38,39.3825,0,257.75,248.205,207.2675,1,16.26,16.08,12.857851,1,181.4,173.5,107.3725,1,401.6309,389.0554,379.365815,1,57.07554,54.564,42.0952145,1,412.025,402.625,373.43125,1,30.03907,29.03777,24.002645,1,93.7,88.3,86.66375,1,19.615,19,NA,NA,NA,NA,NA,NA,66.9,65.4,67.09,0,69.12,65.25,55.83525,1,122.6875,119.5,90.425,1,628.35,616.1,577.184,1,204.73,199.62,189.66975,1,NA,NA,NA,NA
31-12-2010,32.175,32.025,25.15875,1,406.05,399,346.5075,1,45.025,45,39.18625,1,287.87,281.1,199.78,1,19.302,18.726,12.34725105,1,184.9,182.5,101.65,1,454.733,453.1119,377.165095,1,68.36046,68.00097,39.915229,1,434.925,433.05,364.67625,1,35.47471,34.9383,23.233645,1,100.25,98.65,84.74,1,19.5,19.5,NA,NA,NA,NA,NA,NA,76.75,73.15,66.995,1,79.26,78.55,53.738,1,114.0625,113.5625,86.376875,1,728.35,718,567.5625,1,234.635,229.205,186.65575,1,NA,NA,NA,NA
30-11-2010,32.575,32.1,24.45375,1,416.8,409,334.6625,1,42.625,41.95,38.09,1,264.89,255.995,189.8455,1,19.338,18.96,11.57115105,1,173.5,168.05,94.805,1,463.8208,447.0698,365.147115,1,68.7248,67.62206,36.9368465,1,443,425.175,354.905,1,35.61775,34.68797,21.96006,1,93.6,92.45,82.3025,1,18.5,18.5,NA,NA,NA,NA,NA,NA,70.8,70,65.17,1,76.37,74.01,50.53,1,100.9375,96.875,82.3,1,686.65,678.2,548.4145,1,228.54,225.85,180.42575,1,NA,NA,NA,NA
29-10-2010,35,34.15,23.53375,1,415.95,410.05,320.07,1,51.625,49.625,37.30875,1,268.775,265,180.53275,1,22.00201,20.04601,10.71375105,1,172.15,166.3,88.3225,1,461.9541,446.9716,350.260345,1,75.24411,71.87758,33.83993125,1,440.075,434.625,344.535,1,36.18992,35.61775,20.54564915,1,99.75,98.55,80.1025,1,19.25,19.11,NA,NA,NA,NA,NA,NA,78.75,78.1,63.2825,1,82.88,80.63,47.43325,1,100.95,100.25,78.52875,1,687.7,677,528.204,1,227.99,223.7,173.86575,1,NA,NA,NA,NA
30-09-2010,29.45,27.025,22.49,1,400,398.6,305.1525,1,45.3,44.8,35.70375,1,266.32,265,171.026,1,21.504,21.00001,9.73335055,1,141.95,140.5,81.845,1,524.9791,522.4738,334.798835,1,75.15667,74.44741,30.357784,1,435.625,433.5,334.16375,1,32.22047,31.86287,19.10413175,1,108,105.1,77.39375,1,17.96,17.415,NA,NA,NA,NA,NA,NA,78.85,78.3,61.03,1,80.155,78.605,43.81975,1,105.1875,102.9,74.73375,1,733.2,701.65,506.564,1,248.935,242.67,166.91375,1,NA,NA,NA,NA
31-08-2010,27.175,26.625,21.74,1,362.9,355,290.8875,1,43.725,43.25,34.73875,1,276.265,268.525,161.65375,1,15.006,14.106,8.80845055,1,133.85,129.1,76.9025,1,471.2384,466.7682,317.02117,1,59.59679,57.52732,26.88608115,1,412.775,394.5,322.98875,1,31.25493,30.79004,17.89713375,1,104.625,102.5,74.1925,1,NA,NA,NA,NA,NA,NA,NA,NA,76.1,75.55,59.15,1,79.27,78.6,40.39225,1,95.6375,94.6125,70.925625,1,627,613.3,485.22,1,213.425,211.23,159.095,1,NA,NA,NA,NA
30-07-2010,25.8,25.5,21.1625,1,358.25,355,279.5275,1,47.175,46.55,34.2075,1,260.335,257.5,152.31525,1,15,14.94,8.25300055,1,108.15,107.55,72.32,1,422.7047,418.5293,300.812985,1,55.28297,53.63128,24.2173905,1,421.525,419,312.5,1,28.28679,28.25103,16.7729577,1,98.825,98.275,71.06125,1,NA,NA,NA,NA,NA,NA,NA,NA,78.8,78.4,57.615,1,65.96,65.555,37.0415,1,98.05,94.5,67.585,1,596.05,590.8,468.734,1,212.69,208,153.4155,1,NA,NA,NA,NA
30-06-2010,24.575,24.3,20.56375,1,382.8,379.7,267.81,1,52.15,48.825,33.61,1,230.18,229.505,143.74625,1,14.811,14.535,7.68300055,1,100.8,98.25,68.7575,1,429.4837,416.9573,284.371467,1,46.13068,44.69274,21.8093265,1,418.575,416.5,301.0975,1,25.92658,25.28288,15.753632,1,105.3,102.2,68.16875,1,NA,NA,NA,NA,NA,NA,NA,NA,76.75,76,56.055,1,62.805,60.61,34.3225,1,91.0375,88.9,64.40125,1,588.84,574.12,453.626,1,191.9,187.9,147.39475,1,NA,NA,NA,NA
31-05-2010,23.9,23.5,20.1375,1,403.6,395,256.4725,1,39.175,38.55,33.20125,1,208.61,207.5,137.0115,1,13.158,12.483,7.1454006,1,85.95,85.5,65.8425,1,433.2662,429.3363,268.627497,1,44.34297,43.24508,19.86106305,1,378.775,363,289.65875,1,24.3531,23.88821,14.94093205,1,92.7,91.775,64.94375,1,NA,NA,NA,NA,NA,NA,NA,NA,76.2,75.75,55.2225,1,56.86,55.55,32.0475,1,95.5875,91.325,62.010625,1,557.95,552.3,441.831,1,188.845,186.5,142.91275,1,NA,NA,NA,NA
30-04-2010,24.6,24.5,19.96625,1,394.85,393,249.9475,1,41.575,39.5,33.5175,1,207.88,207.4,132.51675,1,12.324,12.066,6.9268507,1,91.55,90.05,64.2825,1,337.9182,333.5462,265.957652,1,41.6614,40.82099,18.17415505,1,371,368,280.83375,1,24.06702,23.95973,14.42168555,1,90.15,89.4,62.58625,1,NA,NA,NA,NA,NA,NA,NA,NA,75.6,74,54.6625,1,61.325,61.01,30.69425,1,98.6125,95.3625,59.661875,1,562.79,559.4,435.373,1,200.045,198.3,139.619,1,NA,NA,NA,NA
31-03-2010,23.85,23.75,19.885,1,400.95,384.3,245.87,1,33.025,33.025,33.99875,0,203.885,202.61,128.269,1,11.457,11.406,6.8175007,1,86.7,86.4,63.0575,1,330.2549,328.3883,275.455612,1,31.1246,30.76026,16.75856155,1,337.65,336.5,272.5225,1,20.49093,20.27637,14.03089155,1,79.4,78.775,60.365,1,NA,NA,NA,NA,NA,NA,NA,NA,59.45,57.3,55.195,1,59.725,58.5,29.42775,1,89.6,87.825,57.645625,1,543.44,523.2,430.6685,1,193.35,189.725,136.00025,1,NA,NA,NA,NA
26-02-2010,22.25,21.75,19.85625,1,332.6,323.5,238.5665,1,36.5,36.5,34.925,1,180.995,174.2,124.097,1,10.428,10.14,6.7386008,1,86.4,85.05,61.5325,1,341.0129,325.7356,280.687232,1,29.18144,27.47146,15.75248955,1,344.125,335,265.88625,1,20.81278,20.16909,13.73779655,1,84.625,84.275,58.655,1,NA,NA,NA,NA,NA,NA,NA,NA,59.3,57,56.37,1,51.88,51.5,28.23225,1,91.775,89.675,55.67,1,500.06,489.16,426.27,1,170.48,168,131.8235,1,NA,NA,NA,NA
29-01-2010,23.5,22.825,19.58,1,345.05,327.6,234.502,1,35.675,34.5,35.5825,0,185.22,177.5,120.7935,1,10.422,9.150002,6.6769509,1,81.55,78.55,59.86,1,313.0127,304.9074,290.057472,1,29.97328,29.53607,14.97012405,1,339.525,325.5,257.5575,1,21.31343,19.7042,13.40157355,1,80.4,78.75,56.4,1,NA,NA,NA,NA,NA,NA,NA,NA,60.8,58,57.8575,1,55.335,53.64,27.34125,1,86.7,79.725,54.238125,1,476.77,468,420.9155,1,163.105,155.25,128.3365,1,NA,NA,NA,NA
22-12-2009,23.55,23.35,19.25375,1,339.7,328.05,232.85,1,33.675,31.875,36.07375,0,173.655,156,117.962,1,9.681002,9.615002,6.6723009,1,81.2,80.65,58.485,1,319.497,319.104,306.042147,1,30.59509,30.21617,14.75346155,1,329.15,327.5,250.9825,1,17.09366,17.09366,13.21905055,1,81.725,81.55,54.80625,1,NA,NA,NA,NA,NA,NA,NA,NA,62.15,61.5,60.07,1,51.835,51.58,26.9665,1,89.9,87.7125,53.835625,1,512.56,512,422.8055,1,164.655,164.21,127.02475,1,NA,NA,NA,NA
30-11-2009,21.45,20.575,18.9325,1,379.15,352,231.858,1,32.75,32.5,36.75125,0,167.97,164.245,115.68075,1,8.736002,8.700002,6.7573508,1,78.35,77.1,57.5025,1,305.6443,303.5811,325.717297,0,28.01554,27.21399,14.77969455,1,343.75,342.05,244.81875,1,18.0592,17.59431,13.36917455,1,78.875,78.175,53.39125,1,NA,NA,NA,NA,NA,NA,NA,NA,55.45,54.7,62.815,0,36.67,34.85,26.927,1,84.275,81.2875,52.94625,1,553.35,545.6,425.1775,1,176.625,174.225,126.41275,1,NA,NA,NA,NA
30-10-2009,21.975,21.75,18.64,1,317.45,315,227.9645,1,36.35,36.35,37.51125,0,164.225,162.5,113.28175,1,8.874002,8.436002,6.7990508,1,72.8,71.9,56.45,1,306.0372,300.1425,344.985082,0,25.01822,24.48385,15.00121505,1,350.275,346.025,237.19625,1,16.13098,16.01082,13.31632005,1,76.05,75.55,52.2175,1,NA,NA,NA,NA,NA,NA,NA,NA,56.8,56.35,65.2675,0,30.41,30.055,27.43025,1,76.5625,75.8375,51.898125,1,531.68,527.82,421.3075,1,162.07,160.55,124.23775,1,NA,NA,NA,NA
30-09-2009,26.725,26.55,18.43625,1,311.55,282,229.31,1,35.025,35.025,38.05,0,140.575,137.6,110.6455,1,7.989001,7.665001,6.9072007,1,85.65,80.7,56.17,1,273.5668,266.4931,443.483222,0,23.24022,21.61768,15.80568405,1,316.35,314.5,228.995,1,18.50407,17.93333,13.66927955,1,71.2,70.025,50.91,1,NA,NA,NA,NA,NA,NA,NA,NA,63.1,62.75,69.9225,0,31.28,31,28.69925,1,85.2,83.7875,51.540625,1,557.91,546.4,422.687,1,165.05,160.42,123.418,1,NA,NA,NA,NA
31-08-2009,21.55,21.35,18.145,1,267.8,256.2,228.417,1,35,32.625,38.87375,0,140.03,134.55,109.8475,1,7.128001,6.996001,7.10280065,0,75.05,74.5,55.535,1,274.4019,272.1423,549.054882,0,19.82512,19.15958,16.61136805,1,303.425,300,223.665,1,16.49145,15.13969,14.04627005,1,62.425,60.75,49.6575,1,NA,NA,NA,NA,NA,NA,NA,NA,63.1,62.15,74.41,0,29.69,29.3,29.94425,0,75,73.9125,50.30125,1,494.87,492,423.1825,1,147.1,143.5,123.01325,1,NA,NA,NA,NA
31-07-2009,20.825,19.75,18.22875,1,225.15,223.1,231.777,0,31.775,31.775,40.105,0,141.14,138.11,108.34375,1,7.335001,6.843001,7.3807506,0,64.1,63.8,57.1175,1,333.3006,331.09,666.184787,0,18.47462,18.16857,17.75370455,1,333.55,332.55,218.655,1,13.81797,13.75789,14.42566355,0,68.825,68.275,49.39125,1,NA,NA,NA,NA,NA,NA,NA,NA,51.05,50,82.12,0,29.97,29.72,31.95025,0,60.25,59.6375,50.671875,1,507.21,495.4,427.2165,1,149.91,147.425,124.30375,1,NA,NA,NA,NA
30-06-2009,19.7,19.575,17.93625,1,228.05,221.6,235.998,0,30,30,41.11625,0,118.78,116.1,106.23675,1,6.402001,6.300001,7.47510065,0,61.45,61.1,58.7625,1,388.8589,388.8589,784.844757,0,14.87977,14.76803,18.43794055,0,302.525,296,211.53,1,13.90809,13.84801,14.43167155,0,62.85,60.75,48.72125,1,NA,NA,NA,NA,NA,NA,NA,NA,55.1,54.6,88.6675,0,25.905,25.33,33.57775,0,46.4875,46.0875,51.6875,0,468.95,463,429.67,1,149.315,147.925,125.389,1,NA,NA,NA,NA
29-05-2009,22.55,21.6,17.62375,1,241.5,225,239.3855,0,35.575,35.575,NA,NA,108,102.6,105.45925,0,6.048001,5.880001,7.54560065,0,66.95,65.35,60.2025,1,357.6165,357.6165,889.226812,0,13.47583,12.20306,19.31406355,0,236.925,196,205.98875,0,14.65907,14.41875,14.41845455,1,55.225,55,48.245,1,NA,NA,NA,NA,NA,NA,NA,NA,65,62.4,95.1925,0,27.175,26.95,35.47675,0,41.725,41.25,53.30125,0,435.92,432,433.938,0,144.45,142.1,126.19025,1,NA,NA,NA,NA
30-04-2009,18.075,18.075,17.29375,1,169.15,169.15,240.729,0,23.1,23.1,NA,NA,89.18,89.18,105.001,0,3.78,3.78,7.60350065,0,48,48,60.595,0,214.3734,214.3734,997.845987,0,8.79281,8.79281,20.41073605,0,239.5,239.5,204.18,1,10.00301,10.00301,14.35056605,0,51.5,51.5,48.13,1,NA,NA,NA,NA,NA,NA,NA,NA,40.25,40.25,99.4775,0,15.1,15.1,36.64075,0,32.525,32.525,54.971875,0,345.39,345.39,437.421,0,110.035,110.035,126.14575,0,NA,NA,NA,NA
31-03-2009,14.175,13.675,17.1375,0,124.95,119.75,246.503,0,27,27,NA,NA,78.635,75.8,105.257,0,2.19,2.13,7.7514007,0,43.85,42.5,61.9,0,166.0854,158.1765,1104.482317,0,6.786495,6.198688,21.79961155,0,235.6,230.125,201.8925,1,7.329533,7.269455,14.48499105,0,49.6,46.9,48.08,0,NA,NA,NA,NA,NA,NA,NA,NA,33.05,32.1,104.385,0,14.435,14.1,38.43025,0,25.5125,24.525,57.155625,0,282.44,279.47,439.9265,0,97.34,90.44,126.5025,0,NA,NA,NA,NA
27-02-2009,14.125,13.75,17.23375,0,117.6,116,255.6025,0,19.525,19.525,NA,NA,78.64,78,105.75475,0,2.394,2.34,8.00925075,0,42.6,42.2,63.6825,0,152.7239,152.2818,1213.918047,0,5.601165,5.392275,23.2608698,0,232.65,220.15,200.3975,1,7.359572,7.239416,14.8154209,0,45.575,45,48.21625,0,NA,NA,NA,NA,NA,NA,NA,NA,33.7,32.8,110.63,0,10.61,10.46,40.20325,0,25.05,24.2,59.798125,0,254.9,240,445.9755,0,88.95,84.3,127.6385,0,NA,NA,NA,NA
30-01-2009,14.45,14.25,17.62375,0,114.7,109,267.311,0,26,25,NA,NA,78.875,72.62,105.8735,0,3.006,2.88,8.2053008,0,43.1,42.05,65.9625,0,169.4258,159.159,1313.356852,0,5.722613,5.640029,24.81952905,0,212.125,207.5,198.0125,1,8.08051,8.020432,15.0856223,0,43.975,42.85,48.50875,0,NA,NA,NA,NA,NA,NA,NA,NA,41.25,41.05,116.955,0,11.605,11,42.08475,0,29.025,26.7375,62.845,0,306.32,297.4,453.5675,0,92.56,89.24,128.92475,0,NA,NA,NA,NA
31-12-2008,15.625,15.375,17.51875,0,135.7,130,276.8905,0,33.1,29,NA,NA,89.495,86.5,106.0805,0,3.897,3.897,8.38320085,0,42.2,41.65,68.185,0,147.0747,139.5097,1416.115562,0,6.222977,6.16954,26.4325969,0,203,202.125,196.48125,1,8.771409,8.711331,15.2807263,0,42,41.5,48.8075,0,NA,NA,NA,NA,NA,NA,NA,NA,45.4,45.4,122.37,0,12.255,11.89,43.94825,0,28.825,28.625,65.696875,0,297.28,295,457.0775,0,99.835,98.845,130.03475,0,NA,NA,NA,NA
28-11-2008,13.825,13.675,17.42375,0,123.9,108.1,282.973,0,35.225,30.5,NA,NA,88.955,88.5,105.56025,0,3.6,3.6,8.4948009,0,36.9,35.65,70.445,0,93.87434,91.86029,1531.134327,0,7.12169,6.883653,28.17148455,0,193.475,190.775,194.92875,0,7.900276,7.209377,15.35342085,0,40.975,38.5,49.0875,0,NA,NA,NA,NA,NA,NA,NA,NA,47.6,41,125.81,0,11.58,11.36,45.622,0,34.375,33.75,68.43375,0,293.89,274.1,458.877,0,92.275,79.155,130.16375,0,NA,NA,NA,NA
31-10-2008,16.05,15.75,17.32,0,156.05,142.6,288.7845,0,43.975,38.5,NA,NA,95.485,95.03,104.9255,0,4.059001,3.69,8.56350095,0,42.5,41.35,72.8675,0,114.6043,106.3516,1647.82061,0,7.165411,6.907942,29.88025305,0,189.8,186.7,193.5725,0,9.672581,9.312112,15.4444392,0,40.8,34.25,49.41375,0,NA,NA,NA,NA,NA,NA,NA,NA,60.1,60,124.28,0,17.305,15.5,47.2255,0,43.225,38.75,70.3575,0,352.94,308,459.3805,0,102.26,96.5,130.32075,0,NA,NA,NA,NA
30-09-2008,20.475,18.525,17.155,1,273.1,254.08,293.8075,0,45.5,45.5,NA,NA,118.715,113,103.8365,1,8.787002,7.938001,NA,NA,54.75,52.65,75.3575,0,379.8693,334.0374,1773.017895,0,10.60481,9.910128,31.480933,0,202.275,197.5,192.14,1,13.96817,13.21719,15.4349769,0,45.55,42.025,49.81625,0,NA,NA,NA,NA,NA,NA,NA,NA,65,61,122.125,0,29.795,27.2,48.64,0,48.6125,46.25,71.951625,0,428.79,390.6,456.806,0,122.97,114,129.88275,0,NA,NA,NA,NA
29-08-2008,22.975,22.25,16.885,1,313.3,305.2,294.1355,1,51.2,51.15,NA,NA,122.925,120,101.88025,1,10.137,9.603002,NA,NA,67.05,65.75,78.39,0,527.8774,523.0633,1892.63193,0,13.34953,12.69857,32.756619,0,204.775,203.05,190.77125,1,16.25114,15.95075,15.2455804,1,45.725,45.225,50.01125,0,NA,NA,NA,NA,NA,NA,NA,NA,86.25,82,119.725,0,35.995,35.2,49.59325,0,58.2875,56.5125,73.574125,0,468.7,460,452.105,1,127.67,123.62,129.12725,0,NA,NA,NA,NA
31-07-2008,23.275,22.05,16.485,1,254.88,243.8,291.881,0,51.55,50,NA,NA,120.445,118.105,99.4165,1,9.879002,9.660002,NA,NA,56.2,55.75,80.875,0,434.8873,421.4767,1997.19556,0,11.00316,10.77969,33.867865,0,204.925,190.5,190.245,1,14.62903,14.50887,14.92356145,0,45.2,44.675,50.17325,0,NA,NA,NA,NA,NA,NA,NA,NA,82.95,81.5,116.2625,0,35.815,35.1,49.6565,0,50.0875,49.275,74.669125,0,455.47,446.02,444.939,1,109.815,105.825,128.0835,0,NA,NA,NA,NA
30-06-2008,16.725,16,16.06875,0,251.31,248.61,291.3615,0,49.65,48.6,NA,NA,114.925,114,96.9595,1,9.195002,8.400002,NA,NA,52.95,52.5,84.68,0,528.4177,510.8808,2107.773695,0,13.53413,13.40782,35.0378915,0,177.55,176,189.49625,0,14.08832,13.87805,14.70337495,0,39.525,38.75,50.3825,0,NA,NA,NA,NA,NA,NA,NA,NA,89.05,88,112.965,0,34.06,33.535,49.53675,0,63.1375,60.175,76.105375,0,392.97,386,438.635,0,100.74,99.5,128.20175,0,NA,NA,NA,NA
30-05-2008,16.975,16.9,16.0825,1,312.01,294.06,287.808,1,45.5,45.05,NA,NA,128.59,125,94.557,1,10.329,10.2,NA,NA,54.05,53.1,88.03,0,632.7062,577.983,2218.75281,0,25.64003,24.38669,36.27384,0,208.025,206.125,191.0025,1,17.66297,17.48274,14.366487,1,48.525,47.625,50.95375,0,NA,NA,NA,NA,NA,NA,NA,NA,105.05,103.55,109.3625,0,47.84,47.45,49.387,0,78.65,75.2625,76.83825,0,514.57,492,433.6255,1,136.87,130.1,128.18775,1,NA,NA,NA,NA
30-04-2008,17.125,17.05,16.14375,1,319.86,300,280.3105,1,47.225,47.05,NA,NA,128.03,125.205,91.508,1,11.382,10.71,NA,NA,61.55,60.8,90.8175,0,713,680.6,2336.9375,0,31.11975,30.31333,36.7221275,0,205.875,198.3,189.78625,1,20.09614,19.64555,13.84951475,1,53.425,52.4,50.8075,1,NA,NA,NA,NA,NA,NA,NA,NA,117.05,111.35,104.96,1,51.045,50.12,48.52275,1,72.1125,70.05,76.3445,0,560,555,423.2285,1,152.415,150.5,125.971,1,NA,NA,NA,NA
31-03-2008,15.6,15.2,16.09125,0,301.28,296.8,271.676,1,47.95,38,NA,NA,119.99,116,88.286,1,9.570002,9.120002,NA,NA,57.3,56.05,93.3575,0,691,661.35,2436.0825,0,32.44595,29.2446,36.8984205,0,191.3,189.05,188.535,1,17.00211,16.82188,13.191659,1,55.4,52.575,50.4105,1,NA,NA,NA,NA,NA,NA,NA,NA,104.5,103,99.9575,1,46.735,45.15,47.387,0,63.3125,62.7625,76.373875,0,475.95,470.27,408.33,1,133.125,129.03,122.6105,1,NA,NA,NA,NA
29-02-2008,17.9,17.625,16.065,1,344.36,310.2,262.6235,1,47.125,47.125,NA,NA,111.5,110,85.33775,1,11.037,10.8,NA,NA,67.2,67,95.665,0,2276,2208,2524.6425,0,41.1076,40.32062,37.0587805,1,186.25,185.075,188.20625,0,23.19017,23.13009,12.6868526,1,49.9,48.3,49.838,0,NA,NA,NA,NA,NA,NA,NA,NA,149.9,145.05,95.5825,1,55.79,54.5,46.53925,1,69.4125,68.3,76.457375,0,559.27,543.05,396.3065,1,145.675,141.17,119.92925,1,NA,NA,NA,NA
31-01-2008,20.9,20.125,16.095,1,293.69,280,251.9475,1,51.5,43.625,NA,NA,124.615,110.2,82.723,1,11.901,10.92,NA,NA,72.95,70.1,98.065,0,2385,2232,2548.28,0,39.3539,37.89167,36.8322075,1,209.75,198,188.6325,1,26.04388,25.23282,11.80685765,1,46.15,45.05,49.71475,0,NA,NA,NA,NA,NA,NA,NA,NA,152.85,144,88.9375,1,56.18,54.8,45.128,1,60.4125,58.3,76.140875,0,567.82,550,379.741,1,156.955,151.505,116.62525,1,NA,NA,NA,NA
31-12-2007,23.225,22.25,16.73375,1,335,329,242.741,1,59.625,57,NA,NA,109.955,109.525,79.34525,1,12.687,12,NA,NA,106.7,99,101.345,0,2617,2610,2570.8725,1,42.67185,38.96526,36.87656,1,203.225,200.5,187.2975,1,24.07932,21.95856,10.81121235,1,57.1,56.45,49.6555,1,NA,NA,NA,NA,NA,NA,NA,NA,217.3,215,82.145,1,69.81,69.2,43.8444,1,82.4125,80,76.2715,1,575.55,570.2,362.5855,1,172.91,170.8,112.5035,1,NA,NA,NA,NA
30-11-2007,14.975,14.75,17.34625,0,309.57,296,232.7465,1,52,46.025,NA,NA,99,98.005,77.028,1,9.222002,8.490002,NA,NA,97,94.5,103.725,0,2706.5,2656.25,2586.425,1,32.15934,31.0906,36.871459,0,191.05,191.05,188.0225,1,13.93813,13.93813,9.9382769,1,55.425,54.95,49.398,1,NA,NA,NA,NA,NA,NA,NA,NA,182,181,72.13,1,62.52,60.8,41.84605,1,80.5625,77.775,75.752125,1,556.28,537.12,346.8045,1,171.615,169.4,107.94475,1,NA,NA,NA,NA
31-10-2007,13.45,13.25,18.605,0,295.8,290.4,223.4235,1,NA,NA,NA,NA,103.23,101.9,75.30825,1,7.812001,7.500001,NA,NA,90.25,84,106.1725,0,2476.5,2465,2588.4125,0,32.40223,32.06218,37.638231,0,191.7,191.05,189.27375,1,13.64375,13.52359,9.5773574,1,53.325,53.05,48.6935,1,NA,NA,NA,NA,NA,NA,NA,NA,185.6,170.1,63.88,1,63.885,63.5,40.08405,1,78.7625,76.0375,75.81275,1,554.31,545,332.3585,1,165.34,158,103.23525,1,NA,NA,NA,NA
28-09-2007,15.95,15.875,19.83875,0,268.37,263,214.452,1,NA,NA,NA,NA,98.835,95.155,73.4945,1,7.206001,7.080001,NA,NA,74.8,74.25,107.4425,0,2530,2485,2594.65,0,35.40928,34.68545,38.4587315,0,200.75,198.1,189.3875,1,13.3013,12.79664,9.23040595,1,52.925,51.525,47.86725,1,NA,NA,NA,NA,NA,NA,NA,NA,150.7,146.2,55.45,1,50.455,49.705,37.97505,1,75.1375,74.25,75.686875,0,505.58,485.98,318.2995,1,143.56,140.3,98.654,1,NA,NA,NA,NA
31-08-2007,14.95,14.7,21.02,0,284.63,274.6,207.245,1,NA,NA,NA,NA,94.3,92.1,71.6245,1,6.738001,6.516001,NA,NA,74.1,73,109.565,0,2347.1,2317.1,2575.8825,0,36.57032,36.37114,38.965411,0,193.75,187.3,187.9025,0,12.69151,12.41214,8.8902135,1,50.5,50.325,47.19175,1,NA,NA,NA,NA,NA,NA,NA,NA,138.4,133.1,48.765,1,50.89,47.1,36.4302,1,76.2,75,75.845,0,395.5,393,306.4175,1,117.17,115.8,95.28825,1,NA,NA,NA,NA
31-07-2007,16.1,15.775,22.15825,0,306.94,300.4,198.4055,1,NA,NA,NA,NA,88.59,86.1,69.80325,1,7.347001,7.029001,NA,NA,79.5,77.1,111.0475,0,2354.8,2177.9,2558.5825,0,36.01166,35.90478,39.097886,0,205.7,194.1,184.94375,1,13.93813,13.69782,8.5336496,1,52.325,50.625,46.42425,1,NA,NA,NA,NA,NA,NA,NA,NA,157.95,152,42.695,1,49.895,49.6,34.87645,1,78.3625,76.775,75.404375,1,403.42,383,298.7125,1,120.06,115.1,92.9735,1,NA,NA,NA,NA
29-06-2007,21.925,21.6,23.18775,0,351.77,349,NA,NA,NA,NA,NA,NA,81.015,79.9,68,1,6.315001,6.120001,NA,NA,88.2,87.3,112.51,0,2141.5,2100,2541.34,0,36.77435,36.33714,38.879183,0,184.95,184.55,181.2225,1,12.7636,12.61641,8.1206123,1,51.425,50.9,45.2555,1,NA,NA,NA,NA,NA,NA,NA,NA,160.2,160,35.6475,1,48.24,48,33.29295,1,85.9875,82.7625,74.665,1,406.74,392.02,289.821,1,114.675,109.3,90.405,1,NA,NA,NA,NA
31-05-2007,12.35,12.325,23.856,0,306.29,304.6,NA,NA,NA,NA,NA,NA,83.015,82.115,66.369,1,6.564001,6.480001,NA,NA,87.55,86,114,0,2224.6,2205.05,2519.625,0,37.98397,36.4343,38.3423845,0,181.5,174.5,177.91625,0,11.98259,11.8414,7.75518705,1,49.95,48.05,44.07725,1,NA,NA,NA,NA,NA,NA,NA,NA,149.55,147,28.4875,1,48.875,48.6,31.7421,1,86.0625,85.125,72.985625,1,376.52,364,279.163,1,114.76,111.13,87.7045,1,NA,NA,NA,NA
30-04-2007,13.725,13,25.07725,0,257.35,254,NA,NA,NA,NA,NA,NA,79.09,78.5,64.74175,1,6.129001,5.772001,NA,NA,87.4,85.95,115.815,0,2447.45,2422.55,2493.11,0,41.00073,41.00073,38.0579055,1,171.95,168.05,175.1025,0,10.2253,10.11115,7.4617051,1,47.6,46.5,42.93975,1,NA,NA,NA,NA,NA,NA,NA,NA,114.2,106.3,21.86,1,45.73,45.02,30.17275,1,83.5625,77.5,71.527875,1,333.27,326,270.731,1,102.415,97.025,85.39225,1,NA,NA,NA,NA
30-03-2007,11.75,11.25,26.163,0,240.13,238,NA,NA,NA,NA,NA,NA,76.26,75,63.21025,1,4.974001,4.563001,NA,NA,85.35,82.1,117.225,0,2427.6,2405,2441.3575,0,41.29706,40.80641,37.3588525,1,166.35,162.55,172.70125,0,9.720643,9.606495,7.23250695,1,47.5,44.65,41.839,1,NA,NA,NA,NA,NA,NA,NA,NA,17,17,17,0,43.65,43.4,28.62275,1,72.85,71,70.202875,1,303.96,300.25,263.1055,1,95.415,93.8,83.47275,1,NA,NA,NA,NA
28-02-2007,12.75,12.5,27.0675,0,256.51,234.71,NA,NA,NA,NA,NA,NA,73.705,69.4,61.675,1,NA,NA,NA,NA,92.3,91.05,117.2575,0,2618.55,2535.1,2392.4325,1,39.17901,38.0957,36.626329,1,161.15,148,170.01375,0,9.483335,9.252034,7.02193305,1,48.85,46,40.67575,1,NA,NA,NA,NA,NA,NA,NA,NA,17,17,17,0,45.595,38.155,27.20145,1,75.1075,72.2575,69.082875,1,301.45,289.4,257.1655,1,93.5,90,82.19925,1,NA,NA,NA,NA
31-01-2007,15.075,15,27.9125,0,279.66,270.21,NA,NA,NA,NA,NA,NA,79.59,76.505,60.04475,1,NA,NA,NA,NA,115.4,115,116.855,0,2772.15,2727,2330.685,1,36.11853,35.77362,35.9110025,0,174.9,173.25,168.0625,1,10.18024,9.612503,6.81361205,1,49.45,49.05,39.32775,1,NA,NA,NA,NA,NA,NA,NA,NA,17,17,17,0,48.86,48.17,25.4091,1,81.0625,80.75,67.761875,1,334.77,328.05,251.0015,1,107.86,104.6,80.7045,1,NA,NA,NA,NA
29-12-2006,14.975,14.075,28.51875,0,268.21,264.2,NA,NA,NA,NA,NA,NA,73.65,72.035,57.986,1,NA,NA,NA,NA,116.75,116.25,115.7825,1,2619.15,2601.5,2253.605,1,35.57445,34.97693,35.125722,0,194.25,191.5,164.765,1,9.810761,9.714636,6.5901214,1,48.965,48.835,37.92725,1,NA,NA,NA,NA,NA,NA,NA,NA,17,17,17,0,37.26,37.01,23.43885,1,80.1875,78.1375,66.010625,1,325.38,323.24,241.899,1,106.795,106.3,78.00925,1,NA,NA,NA,NA
30-11-2006,14.95,14.9,28.93125,0,244.49,238,NA,NA,NA,NA,NA,NA,71.305,70.4,56.16375,1,NA,NA,NA,NA,132.3,131,113.895,1,2646.45,2625,2176.7825,1,34.40369,34.39397,34.167354,1,189.95,187.525,160.06,1,10.2253,9.792737,6.35221195,1,49.385,47.835,36.44775,1,NA,NA,NA,NA,NA,NA,NA,NA,17,17,17,0,33.42,33.1,21.96255,1,78.8125,76.75,64.094125,1,329.39,322.8,232.942,1,112.18,109.41,75.3445,1,NA,NA,NA,NA
31-10-2006,17,16.9,29.355,0,180.24,178.42,NA,NA,NA,NA,NA,NA,66.875,66.4,54.55825,1,NA,NA,NA,NA,119.95,116,111.1,1,2748,2740,2098.565,1,38.2531,34.60578,33.1880975,1,207.675,186.7,155.11375,1,7.350561,7.209377,6.0940261,1,50.95,49.4,34.904,1,NA,NA,NA,NA,NA,NA,NA,NA,17,17,17,0,31.065,30.8,20.62205,1,77.795,77.125,62.481625,1,292.78,290.61,223.7625,1,100.46,100.1,72.45975,1,NA,NA,NA,NA
29-09-2006,18.2,18.025,29.86325,0,162.06,158.68,NA,NA,NA,NA,NA,NA,67.61,66.51,52.99175,1,NA,NA,NA,NA,109.8,108.4,109.06,0,2996.4,2920.15,2012.835,1,34.60578,34.60578,31.975564,1,183.7,181.55,149.38375,1,7.323525,7.2274,5.99084185,1,45.6,45.465,33.32075,1,NA,NA,NA,NA,NA,NA,NA,NA,17,17,17,0,30.555,30,19.4148,1,68.775,68.75,60.7085,1,306.63,294.82,216.911,1,92.535,91.5,70.37325,1,NA,NA,NA,NA
31-08-2006,16.075,16,30.35625,0,147.17,144.6,NA,NA,NA,NA,NA,NA,63.59,62.9,51.4105,1,NA,NA,NA,NA,112.35,110.85,107.15,1,2695.9,2667.15,1914.975,1,34.64561,34.60578,30.844449,1,180.85,179.75,144.855,1,6.939025,6.91199,5.8867565,1,45.485,45.235,31.88525,1,NA,NA,NA,NA,NA,NA,NA,NA,17,17,17,0,28.33,28.225,18.20875,1,72.7,71.125,59.336375,1,262.03,257.42,209.3605,1,85.205,83.805,68.5695,1,NA,NA,NA,NA
31-07-2006,15.075,14.525,31.04325,0,120.23,119,NA,NA,NA,NA,NA,NA,61.025,58.7,49.83125,1,NA,NA,NA,NA,103.45,102,104.7225,0,2462.2,2450,1836.74,1,35.65315,34.60578,29.6858385,1,184.725,182.825,140.29,1,6.905982,6.863928,5.82682855,1,43.95,43.665,30.391,1,NA,NA,NA,NA,NA,NA,NA,NA,17,17,17,0,29.78,27.305,17.141,1,64.9825,64.4,57.851125,1,235.48,232,203.9495,1,79.5,79.09,66.911,1,NA,NA,NA,NA
30-06-2006,18.5,18.25,31.28125,0,130.84,121.6,NA,NA,NA,NA,NA,NA,59.205,58.01,48.283,1,NA,NA,NA,NA,115.2,113.05,102.52,1,2748.75,2680,1764.075,1,36.57614,35.44911,28.4808345,1,194.775,192.025,135.3875,1,5.590271,5.557228,5.69495705,0,47.435,47.165,28.92725,1,NA,NA,NA,NA,NA,NA,NA,NA,17,17,17,0,27.565,27.25,15.8774,1,63.0825,62,56.9345,1,227.96,214.4,200.183,1,79.595,75.51,65.4195,1,NA,NA,NA,NA
31-05-2006,33.675,28,31.366,0,109.56,106.4,NA,NA,NA,NA,NA,NA,57.06,53.2,46.7995,1,NA,NA,NA,NA,138.55,137,99.315,1,2836.85,2836.85,1674.4575,1,40.24095,39.48603,27.14602795,1,183.05,176.6,129.29625,1,6.130974,6.067892,5.60784375,1,44.965,43.735,27.2275,1,NA,NA,NA,NA,NA,NA,NA,NA,17,17,17,0,30.508,28.8,14.7177,1,63.025,60.125,56.056375,1,224.71,215,195.189,1,74.52,71.525,63.51525,1,NA,NA,NA,NA
28-04-2006,35.475,33.1,30.44075,1,135.11,123.72,NA,NA,NA,NA,NA,NA,63.61,59.99,45.56425,1,NA,NA,NA,NA,154.3,141.3,95.085,1,2928.05,2928.05,1583.9825,1,42.56983,42.14817,25.5982991,1,217.725,195.55,123.895,1,6.620611,6.323224,5.4998533,1,51.95,42,25.5875,1,NA,NA,NA,NA,NA,NA,NA,NA,17,17,17,0,29.843,25.05,13.39235,1,72.025,68.75,55.131375,1,259.93,241.04,190.0725,1,81.735,74.09,61.79925,1,NA,NA,NA,NA
31-03-2006,40.15,36.5,29.4175,1,123.11,122.44,NA,NA,NA,NA,NA,NA,64.605,64.51,43.96775,1,NA,NA,NA,NA,145.95,121,89.265,1,2746.25,2680,1484.22,1,47.49478,46.14622,23.87131355,1,216.075,202.5,116.5625,1,6.71974,6.698713,5.34605325,1,41.335,40.515,23.56425,1,NA,NA,NA,NA,NA,NA,NA,NA,17,17,17,0,27.28,27,12.0802,1,81.775,78.7575,53.52075,1,267.36,265.6,182.6345,1,77.425,76,59.55075,1,NA,NA,NA,NA
28-02-2006,38.125,37.5,28.15425,1,116.37,111.03,NA,NA,NA,NA,NA,NA,66.955,65.2,42.33425,1,NA,NA,NA,NA,115.65,113.1,83.8825,1,2601.25,2540.05,1388.0925,1,48.81224,46.18606,21.87612275,1,193.975,190.55,109.43625,1,6.704721,6.677685,5.205921,1,36.8,36.165,22.067,1,NA,NA,NA,NA,NA,NA,NA,NA,17,17,17,0,21.705,21.05,10.87265,1,76.245,74.3625,51.407,1,273.13,271.2,175.026,1,73.715,72.375,57.5555,1,NA,NA,NA,NA
31-01-2006,39.575,38.6,26.941,1,124.23,116,NA,NA,NA,NA,NA,NA,61.435,60.31,40.554,1,NA,NA,NA,NA,117.25,116,79.6475,1,2154.65,2150.05,1302.22,1,45.54287,45.16492,19.8172936,1,171.05,169.75,102.905,1,6.497451,6.488439,5.10709245,1,39.415,38.465,20.74825,1,NA,NA,NA,NA,NA,NA,NA,NA,17,17,17,0,19.558,19.35,9.9186,1,78.3,76.875,49.460375,1,267.94,261.43,166.5405,1,76.245,73,55.71825,1,NA,NA,NA,NA
30-12-2005,37.715,36.615,25.6615,1,107.84,107.26,NA,NA,NA,NA,NA,NA,57.875,56.685,38.9575,1,NA,NA,NA,NA,103.75,101.2,75.3125,1,2001.1,1991.2,1237.9925,1,39.21982,38.17343,17.9101768,1,134.575,131.1,97.3825,1,5.560232,5.536201,5.0115682,1,35.15,34.125,19.38075,1,NA,NA,NA,NA,NA,NA,NA,NA,17,17,17,0,19.815,19.7,9.06995,1,67.3875,66.375,47.412875,1,241.4,237.81,158.9195,1,70.875,70.325,53.66225,1,NA,NA,NA,NA
30-11-2005,36.69,29.5,24.47975,1,NA,NA,NA,NA,NA,NA,NA,NA,52.525,52.46,37.60575,1,NA,NA,NA,NA,108.75,108.05,72.01,1,2009.95,2005,1183.9775,1,31.6376,31.51809,16.3669657,1,131.275,130.5,93.8575,1,5.677384,5.650349,4.98708635,1,28.95,28.835,18.2975,1,NA,NA,NA,NA,NA,NA,NA,NA,17,17,17,0,18.225,18.055,8.2217,1,63.575,63.1325,45.76325,1,225.59,223.13,152.7965,1,68.69,68.105,52.00875,1,NA,NA,NA,NA
31-10-2005,35.29,34.965,23.42725,1,NA,NA,NA,NA,NA,NA,NA,NA,48.395,45.305,36.487,1,NA,NA,NA,NA,118,115.1,68.1975,1,1707.2,1660,1129.0225,1,26.03838,25.73233,15.12407035,1,118.825,115.5,90.55625,1,5.455095,5.352962,4.9106369,1,27.86,26.335,17.517,1,NA,NA,NA,NA,NA,NA,NA,NA,17,17,17,0,17.223,17,7.4476,1,52.4,51.42,44.132625,1,193.58,187.6,147.9495,1,60.665,60.4,50.468,1,NA,NA,NA,NA
30-09-2005,36.775,34.5,22.49275,1,NA,NA,NA,NA,NA,NA,NA,NA,50.47,49.105,35.573,1,NA,NA,NA,NA,123.85,117.65,64.275,1,1694.3,1650,1088.94,1,32.29439,30.53777,14.15666675,1,125.225,123,88.19625,1,6.112951,5.983783,4.83463805,1,27.2,26.685,16.79825,1,NA,NA,NA,NA,NA,NA,NA,NA,17,17,17,0,17.488,16.905,6.735,1,56.9075,55.2825,43.3195,1,207.88,198,144.3675,1,68.515,63.225,49.308,1,NA,NA,NA,NA
31-08-2005,35.44,34.39,21.4475,1,NA,NA,NA,NA,NA,NA,NA,NA,48.46,47.635,34.662,1,NA,NA,NA,NA,115.6,108.5,60.2975,1,1412.4,1371,1054.1775,1,27.01967,26.62035,12.89667155,1,123.925,123.275,85.66625,1,5.641337,5.49715,4.73746165,1,25.585,23.665,16.1415,1,NA,NA,NA,NA,NA,NA,NA,NA,17,17,17,0,14.73,14.5,6.0213,1,57.0625,55.6625,42.371,1,180.76,176.5,140.4665,1,64.025,63.205,47.607,1,NA,NA,NA,NA
29-07-2005,29.84,29.25,20.6185,1,NA,NA,NA,NA,NA,NA,NA,NA,45.555,42.5,33.913,1,NA,NA,NA,NA,86,85.05,57.9225,1,1449.1,1410,1040.3725,1,26.64659,26.0034,11.96006745,1,112.6,111.025,83.4625,1,5.509165,5.419048,4.700814,1,24.235,24.01,15.59675,1,NA,NA,NA,NA,NA,NA,NA,NA,17,17,17,0,15.224,14.651,5.4761,1,50.45,49.0075,41.427,1,185.16,181.6,137.884,1,69.945,68.005,46.23125,1,NA,NA,NA,NA
30-06-2005,29.65,28.89,19.74825,1,NA,NA,NA,NA,NA,NA,NA,NA,41.1,41,33.183,1,NA,NA,NA,NA,84.25,83.65,56.385,1,1383.6,1350,1017.01,1,24.87248,24.31285,10.989992,1,122.125,118.5,81.31,1,5.316915,5.298892,4.5878671,1,21.89,21.34,14.95075,1,NA,NA,NA,NA,NA,NA,NA,NA,17,17,17,0,9.748,9.603,4.8565,1,48.6875,47.7625,40.588,1,178.17,169.7,134.1675,1,63.605,60.16,44.247,1,NA,NA,NA,NA
31-05-2005,27.2,26.7,18.93525,1,NA,NA,NA,NA,NA,NA,NA,NA,38.415,38.4,32.5,1,NA,NA,NA,NA,93.95,91.2,54.105,1,1230.55,1210.25,993.73,1,20.41292,20.23124,10.0505215,1,108.95,105,78.64625,1,5.710427,5.617306,4.48618485,1,21.44,21.36,14.3955,1,NA,NA,NA,NA,NA,NA,NA,NA,17,17,17,0,9.455,9.425,4.50595,1,46.0375,44.375,39.5095625,1,152.72,150.8,130.459,1,53.955,53.4,42.647,1,NA,NA,NA,NA
29-04-2005,23.225,23.065,18.223,1,NA,NA,NA,NA,NA,NA,NA,NA,37.205,36.5,32.09725,1,NA,NA,NA,NA,79,78.2,51.6525,1,1082.7,1075,971.72,1,16.40709,16.23804,9.3105167,1,100.15,99.5,76.7325,1,5.052572,4.995497,4.36017095,1,19.375,19.165,13.834,1,NA,NA,NA,NA,NA,NA,NA,NA,17,17,17,0,7.734,7.575,4.1594,1,41.8575,41.3125,38.286125,1,146.24,145.4,127.81,1,53.5,52.3,41.32425,1,NA,NA,NA,NA
31-03-2005,23.425,22.9,17.50475,1,NA,NA,NA,NA,NA,NA,NA,NA,39.195,38.7,31.7745,1,NA,NA,NA,NA,76.4,75.75,49.945,1,1082.1,1030,954.0625,1,14.81856,14.73889,8.78255955,1,91.025,89.95,75.38875,1,5.061583,4.965458,4.2613424,1,18.51,18.365,13.40525,1,NA,NA,NA,NA,NA,NA,NA,NA,17,17,17,0,6.61,6.175,3.88425,1,46.5625,44.9075,37.3498125,1,145.8,143.81,125.324,1,54.485,53.52,40.02775,1,NA,NA,NA,NA
28-02-2005,27.165,27,16.80575,1,NA,NA,NA,NA,NA,NA,NA,NA,35.545,34.6,31.1431,1,NA,NA,NA,NA,79.15,78.55,48.6175,1,1033.4,1010,931.885,1,14.00243,13.84698,8.30473575,1,93.075,90.525,74.4975,1,5.286876,5.205771,4.18894825,1,19.285,18.865,12.95425,1,NA,NA,NA,NA,NA,NA,NA,NA,17,17,17,0,6.92,6.725,3.6519,1,42.3325,40.5,36.0429375,1,155.75,151.6,122.1645,1,58.73,57.125,38.63025,1,NA,NA,NA,NA
31-01-2005,28.06,26.75,15.7975,1,NA,NA,NA,NA,NA,NA,NA,NA,35.985,33.95,30.63135,1,NA,NA,NA,NA,71.6,70.1,47.4825,1,1039.2,1035,908.87,1,11.98348,11.26937,7.87349935,1,93.125,90.55,73.285,1,5.241818,5.226798,4.06278415,1,16.89,16.015,12.388,1,NA,NA,NA,NA,NA,NA,NA,NA,17,17,17,0,6.434,6.078,3.37565,1,41.3325,40.875,34.891625,1,155.62,151.42,118.4635,1,56.46,53.5,36.984,1,NA,NA,NA,NA
31-12-2004,29.815,29.585,14.6675,1,NA,NA,NA,NA,NA,NA,NA,NA,32.005,31.755,30.09095,1,NA,NA,NA,NA,63.8,60,45.9325,1,1131.2,1122,882.5475,1,11.4734,11.4462,7.5416559,1,89.55,89.25,71.94125,1,5.740466,5.599283,3.9439796,1,15.6,15.5,11.916,1,NA,NA,NA,NA,NA,NA,NA,NA,17,17,17,0,6.975,6.075,3.1234,1,42.995,42.375,33.5965625,1,153.81,150.83,114.3945,1,52.035,51.71,35.3865,1,NA,NA,NA,NA
30-11-2004,19.835,19.625,13.43,1,NA,NA,NA,NA,NA,NA,NA,NA,30.06,29.8,29.5947,1,NA,NA,NA,NA,59.4,59,44.33,1,1008.9,982.25,850.1325,1,11.55307,11.31309,7.1922754,1,86.675,86.15,70.7075,1,4.268552,4.247524,3.77516005,1,14.675,14.35,11.44425,1,NA,NA,NA,NA,NA,NA,NA,NA,17,17,17,0,4.508,4.475,2.84335,1,46.65,46.4125,32.29025,1,160.15,154.05,110.107,1,49.67,49.5,34.01975,1,NA,NA,NA,NA
29-10-2004,20.195,19.51,12.67575,1,NA,NA,NA,NA,NA,NA,NA,NA,29.535,29.4,29.1917,1,NA,NA,NA,NA,51.1,50.55,42.76,1,956.4,956.4,823.6875,1,9.880009,9.827544,6.82560075,1,72.95,72.5,69.4175,1,3.848005,3.754884,3.6733276,1,13.44,12.715,11.0075,1,NA,NA,NA,NA,NA,NA,NA,NA,17,17,17,0,4.371,4.344,2.6911,1,45.52,45.2825,30.9018125,1,128.08,127.45,105.413,1,41.51,41.105,32.709,1,NA,NA,NA,NA
30-09-2004,15.17,15.105,11.91075,1,NA,NA,NA,NA,NA,NA,NA,NA,32.355,32.105,28.7738,1,NA,NA,NA,NA,53.95,50.25,41.955,1,1027.35,993,801.655,1,9.286373,8.899684,6.55788155,1,75.025,74.5,69.0825,1,3.971165,3.87504,3.58966875,1,12.165,12.1,10.701,1,NA,NA,NA,NA,NA,NA,NA,NA,17,17,17,0,4.001,3.879,2.54205,1,44.525,43.7625,29.7233125,1,122.38,121.45,102.757,1,40.2,40,31.88275,1,NA,NA,NA,NA
31-08-2004,15.01,14.82,11.4155,1,NA,NA,NA,NA,NA,NA,NA,NA,31.68,31.03,28.24255,1,NA,NA,NA,NA,37.9,35.05,40.885,0,932.8,922,775.9575,1,8.030119,7.941705,6.30871955,1,71.075,70.825,68.70375,1,3.54461,3.526587,3.4938441,1,11.485,11.385,10.471,1,NA,NA,NA,NA,NA,NA,NA,NA,17,17,17,0,3.6,3.575,2.41365,1,39.8125,39.625,28.5101875,1,111.17,110,100.389,1,36.765,36.555,31.05825,1,NA,NA,NA,NA
30-07-2004,14.885,14.75,10.9255,1,NA,NA,NA,NA,NA,NA,NA,NA,31.935,31.51,27.7427,1,NA,NA,NA,NA,38.3,37.4,40.615,0,823.7,810,754.4825,1,7.590964,7.516152,6.1206214,1,73.55,73,68.52125,1,3.917095,3.905079,3.41529195,1,11.39,11.3,10.26225,1,NA,NA,NA,NA,NA,NA,NA,NA,17,17,17,0,3.129,3.113,2.3043,1,39.5,39.25,27.687375,1,115.19,114.22,98.4140005,1,37.52,37.05,30.30025,1,NA,NA,NA,NA
30-06-2004,13.86,13.585,10.4305,1,NA,NA,NA,NA,NA,NA,NA,NA,31.35,31.2,27.23245,1,NA,NA,NA,NA,30.95,30.15,40.26,0,883.8,875,736.86,1,7.635657,7.555987,5.9495745,1,63.35,59.25,68.06875,0,4.72815,4.686095,3.3163132,1,10.425,10.335,10.064,1,NA,NA,NA,NA,NA,NA,NA,NA,17,17,17,0,2.624,2.608,2.2185,1,37.3125,37.1375,26.881125,1,103.42,102.8,96.0760005,1,36.97,36.5,29.3995,1,NA,NA,NA,NA
31-05-2004,13.985,13.775,9.99575,1,NA,NA,NA,NA,NA,NA,NA,NA,29.505,28.205,26.7598,1,NA,NA,NA,NA,30.55,30,40.23,0,870.1,851.25,713.8575,1,7.400534,7.143065,5.779402,1,60.6,58.55,68.00375,0,4.586966,4.571946,3.16822055,1,12.065,11.19,9.90975,1,NA,NA,NA,NA,NA,NA,NA,NA,17,17,17,0,2.585,2.55,2.1592,1,37.35,36.25,26.0364375,1,115.52,111.51,94.0428005,1,35.125,34.805,28.5005,1,NA,NA,NA,NA
30-04-2004,14.08,13.665,9.54225,1,NA,NA,NA,NA,NA,NA,NA,NA,30.84,30.405,26.4237,1,NA,NA,NA,NA,37.7,37.2,40.2375,0,920.8,910.1,689.835,1,8.355598,6.606752,5.6290012,1,64.075,63.8,68.27125,0,5.070595,4.689099,3.0271871,1,13.485,13.085,9.68725,1,NA,NA,NA,NA,NA,NA,NA,NA,17,17,17,0,2.85,2.839,2.1062,1,34.395,34.375,25.483625,1,118.94,117.8,91.2613005,1,37.805,37.55,27.83725,1,NA,NA,NA,NA
31-03-2004,15.64,15.21,9.10075,1,NA,NA,NA,NA,NA,NA,NA,NA,30.15,29.95,26.01585,1,NA,NA,NA,NA,32.5,32.1,40.0575,0,910.85,872.15,664.7175,1,6.779693,6.565946,5.43750255,1,65.25,63.75,68.4825,0,4.148395,4.055274,2.85461265,1,13.34,12.675,9.41125,1,NA,NA,NA,NA,NA,NA,NA,NA,17,17,17.1575,0,2.743,2.731,2.04245,1,30.9625,30.375,25.03575,1,128.65,123.4,88.2283005,1,37.875,36.55,26.99475,1,NA,NA,NA,NA
27-02-2004,16.6,16.335,8.56525,1,NA,NA,NA,NA,NA,NA,NA,NA,30.115,29.45,25.6042,1,NA,NA,NA,NA,39.55,34.75,39.8075,0,905.55,889,NA,NA,6.690308,6.522224,5.30905955,1,71.625,71.075,68.5625,1,3.935118,3.87504,2.74196615,1,13.485,13.265,9.13125,1,NA,NA,NA,NA,NA,NA,NA,NA,17,17,NA,NA,2.971,2.944,1.9834,1,36.1375,33.75,NA,NA,121.94,121.07,84.9573005,1,37.465,36.425,26.16475,1,NA,NA,NA,NA
30-01-2004,15.87,15.835,NA,NA,NA,NA,NA,NA,NA,NA,NA,NA,32.25,32.01,NA,NA,NA,NA,NA,NA,44.3,43.55,NA,NA,999.05,801.4,NA,NA,7.094486,7.054651,NA,NA,74.625,72.65,NA,NA,4.169423,4.115352,NA,NA,14.065,14,NA,NA,NA,NA,NA,NA,NA,NA,NA,NA,17,17,NA,NA,3.214,3.173,NA,NA,37.9375,37.5,NA,NA,129.86,126.6,NA,NA,34.495,33.55,NA,NA,NA,NA,NA,NA
31-12-2003,18.86,18.675,NA,NA,NA,NA,NA,NA,NA,NA,NA,NA,33.48,32.5,NA,NA,NA,NA,NA,NA,68.1,66.1,NA,NA,1136.3,1128,NA,NA,8.287588,8.163225,NA,NA,79.85,79.5,NA,NA,4.908384,4.866329,NA,NA,14.69,14.535,NA,NA,NA,NA,NA,NA,NA,NA,NA,NA,17,17,NA,NA,3.826,3.775,NA,NA,38.1825,36.9375,NA,NA,129.11,128.4,NA,NA,36.51,36.315,NA,NA,NA,NA,NA,NA
28-11-2003,12.435,12.355,NA,NA,NA,NA,NA,NA,NA,NA,NA,NA,30.955,30.555,NA,NA,NA,NA,NA,NA,55.25,50.65,NA,NA,981.85,944.55,NA,NA,7.245081,7.009958,NA,NA,69.55,69.275,NA,NA,3.250227,3.244219,NA,NA,11.315,11.26,NA,NA,NA,NA,NA,NA,NA,NA,NA,NA,17,17,NA,NA,2.832,2.819,NA,NA,33.67,33.4375,NA,NA,110.83,107.4,NA,NA,30.26,30,NA,NA,NA,NA,NA,NA
31-10-2003,13.39,13.335,NA,NA,NA,NA,NA,NA,NA,NA,NA,NA,27.44,27.3,NA,NA,NA,NA,NA,NA,38.65,38.3,NA,NA,918,896.2,NA,NA,6.08307,6.038377,NA,NA,68.85,68.55,NA,NA,3.28327,3.211176,NA,NA,10.785,10.75,NA,NA,NA,NA,NA,NA,NA,NA,NA,NA,17,17,NA,NA,2.737,2.663,NA,NA,27.11875,25.875,NA,NA,104,102,NA,NA,31.605,31.025,NA,NA,NA,NA,NA,NA
30-09-2003,12.955,12.105,NA,NA,NA,NA,NA,NA,NA,NA,NA,NA,30.36,30.18,NA,NA,NA,NA,NA,NA,44.9,44.5,NA,NA,790.35,778.65,NA,NA,5.612824,5.607966,NA,NA,70.675,69.525,NA,NA,3.190149,3.124063,NA,NA,10.21,9.985,NA,NA,NA,NA,NA,NA,NA,NA,NA,NA,17,17,NA,NA,2.524,2.5,NA,NA,21.56875,21.34375,NA,NA,99.74,97.41,NA,NA,27.5,27,NA,NA,NA,NA,NA,NA
29-08-2003,8.86,8.5,NA,NA,NA,NA,NA,NA,NA,NA,NA,NA,30.75,30.335,NA,NA,NA,NA,NA,NA,44.85,44.5,NA,NA,729.55,714,NA,NA,5.847947,5.723585,NA,NA,73.275,72.8,NA,NA,3.076001,3.063985,NA,NA,10.8,10.685,NA,NA,NA,NA,NA,NA,NA,NA,NA,NA,17,17,NA,NA,2.231,2.213,NA,NA,23.13125,22.5,NA,NA,96.52,94,NA,NA,27.57,27.205,NA,NA,NA,NA,NA,NA
31-07-2003,9.445,9.255,NA,NA,NA,NA,NA,NA,NA,NA,NA,NA,26.567,26.133,NA,NA,NA,NA,NA,NA,49.85,49.8,NA,NA,638.55,600,NA,NA,5.262084,4.880252,NA,NA,73.2,72.05,NA,NA,3.6137,3.550618,NA,NA,9.49,9.29,NA,NA,NA,NA,NA,NA,NA,NA,NA,NA,17,17,NA,NA,1.963,1.956,NA,NA,20.425,20.25,NA,NA,82.61,80.4,NA,NA,26.535,26.3,NA,NA,NA,NA,NA,NA
30-06-2003,7,6.645,NA,NA,NA,NA,NA,NA,NA,NA,NA,NA,25.31,25.147,NA,NA,NA,NA,NA,NA,56.45,54.3,NA,NA,573.1,562.5,NA,NA,5.377702,5.372844,NA,NA,68.825,68.675,NA,NA,2.763594,2.742567,NA,NA,7.96,7.915,NA,NA,NA,NA,NA,NA,NA,NA,NA,NA,17,17,NA,NA,1.395,1.389,NA,NA,19.30625,18.125,NA,NA,81.73,81.2,NA,NA,25.805,25,NA,NA,NA,NA,NA,NA
30-05-2003,5.46,5.415,NA,NA,NA,NA,NA,NA,NA,NA,NA,NA,25.177,25,NA,NA,NA,NA,NA,NA,40.6,40.3,NA,NA,512.75,501.1,NA,NA,5.346611,5.146465,NA,NA,66.25,66.075,NA,NA,2.865727,2.853711,NA,NA,7.45,7,NA,NA,NA,NA,NA,NA,NA,NA,NA,NA,17,17,NA,NA,1.389,1.363,NA,NA,15.43125,15.3625,NA,NA,74.24,73.02,NA,NA,24.51,24.405,NA,NA,NA,NA,NA,NA
30-04-2003,5.065,5.065,NA,NA,NA,NA,NA,NA,NA,NA,NA,NA,22.08,22,NA,NA,NA,NA,NA,NA,31.75,31.35,NA,NA,482.9,481.95,NA,NA,4.48579,4.418751,NA,NA,64.875,64,NA,NA,2.364075,2.361071,NA,NA,6.165,6.125,NA,NA,NA,NA,NA,NA,NA,NA,NA,NA,17,17,NA,NA,1.374,1.313,NA,NA,16.86875,16.6375,NA,NA,68.06,65.21,NA,NA,24.7,24.18,NA,NA,NA,NA,NA,NA
31-03-2003,4.75,4.75,NA,NA,NA,NA,NA,NA,NA,NA,NA,NA,22,21.887,NA,NA,NA,NA,NA,NA,28,26.75,NA,NA,480,475,NA,NA,4.219577,4.174884,NA,NA,60.875,60.45,NA,NA,2.231903,2.189848,NA,NA,5.94,5.71,NA,NA,NA,NA,NA,NA,NA,NA,NA,NA,17,17,NA,NA,1.463,1.4,NA,NA,18.88125,18.65625,NA,NA,66.27,65.67,NA,NA,23.455,23.21,NA,NA,NA,NA,NA,NA
28-02-2003,4.895,4.895,NA,NA,NA,NA,NA,NA,NA,NA,NA,NA,21.177,21.003,NA,NA,NA,NA,NA,NA,35,34,NA,NA,515.75,506,NA,NA,4.525625,4.401263,NA,NA,66.25,66,NA,NA,2.174828,2.108742,NA,NA,7.31,7.25,NA,NA,NA,NA,NA,NA,NA,NA,NA,NA,17,17,NA,NA,1.39,1.39,NA,NA,21.95,20.625,NA,NA,74.96,74.8,NA,NA,24.985,24.425,NA,NA,NA,NA,NA,NA
31-01-2003,5.265,5.11,NA,NA,NA,NA,NA,NA,NA,NA,NA,NA,21.73,21.667,NA,NA,NA,NA,NA,NA,32.55,30.8,NA,NA,513.4,511.25,NA,NA,4.303133,4.299247,NA,NA,67.45,66.625,NA,NA,2.054672,1.997598,NA,NA,7.565,7.5,NA,NA,NA,NA,NA,NA,NA,NA,NA,NA,17,17,NA,NA,1.433,1.389,NA,NA,20.2625,19.38125,NA,NA,75.02,74.42,NA,NA,23.71,22.65,NA,NA,NA,NA,NA,NA
31-12-2002,5.21,5.165,NA,NA,NA,NA,NA,NA,NA,NA,NA,NA,21.683,21.653,NA,NA,NA,NA,NA,NA,32.5,32.05,NA,NA,503.3,495.1,NA,NA,4.268156,4.192373,NA,NA,67.425,66.675,NA,NA,1.973567,1.958547,NA,NA,7.31,7.25,NA,NA,NA,NA,NA,NA,NA,NA,NA,NA,17,17,NA,NA,1.413,1.413,NA,NA,23.35625,23.25625,NA,NA,71.67001,71.1,NA,NA,21.605,21.1,NA,NA,NA,NA,NA,NA
29-11-2002,4.985,4.915,NA,NA,NA,NA,NA,NA,NA,NA,NA,NA,21.73,21.533,NA,NA,NA,NA,NA,NA,31.2,30.6,NA,NA,471.25,471.25,NA,NA,4.170026,4.170026,NA,NA,64.5,64.325,NA,NA,1.93752,1.877442,NA,NA,7.425,7.375,NA,NA,NA,NA,NA,NA,NA,NA,NA,NA,17,17,NA,NA,1.413,1.413,NA,NA,23.375,23.375,NA,NA,68.43,68.11,NA,NA,19.505,19.485,NA,NA,NA,NA,NA,NA
31-10-2002,5.165,5.085,NA,NA,NA,NA,NA,NA,NA,NA,NA,NA,21.897,21.767,NA,NA,NA,NA,NA,NA,30.35,29.5,NA,NA,423.75,413,NA,NA,4.232207,3.673548,NA,NA,62.05,61.775,NA,NA,1.766297,1.760289,NA,NA,7.34,7.335,NA,NA,NA,NA,NA,NA,NA,NA,NA,NA,17,17,NA,NA,1.438,1.438,NA,NA,20.41875,20.2625,NA,NA,62.756,62,NA,NA,18.99,18.855,NA,NA,NA,NA,NA,NA
30-09-2002,4.915,4.915,NA,NA,NA,NA,NA,NA,NA,NA,NA,NA,22.783,22.67,NA,NA,NA,NA,NA,NA,30.7,30.5,NA,NA,389.65,388.05,NA,NA,4.392518,4.392518,NA,NA,65.95,65.25,NA,NA,1.766297,1.748274,NA,NA,7.615,7.59,NA,NA,NA,NA,NA,NA,NA,NA,NA,NA,17,16.2,NA,NA,1.525,1.5,NA,NA,26.29375,25.79375,NA,NA,59.89,59.226,NA,NA,21.86,21.11,NA,NA,NA,NA,NA,NA
30-08-2002,5.25,5.24,NA,NA,NA,NA,NA,NA,NA,NA,NA,NA,22.683,22.6,NA,NA,NA,NA,NA,NA,34.1,34,NA,NA,418.45,409,NA,NA,4.525625,4.392518,NA,NA,68.3,67.75,NA,NA,1.619106,1.60709,NA,NA,7.965,7.935,NA,NA,NA,NA,NA,NA,NA,NA,NA,NA,20.15,19.5,NA,NA,1.575,1.519,NA,NA,25.4375,24.03125,NA,NA,58.28,56.8,NA,NA,20.955,20.905,NA,NA,NA,NA,NA,NA
31-07-2002,4.93,4.915,NA,NA,NA,NA,NA,NA,NA,NA,NA,NA,21.917,20.133,NA,NA,NA,NA,NA,NA,27.5,25.05,NA,NA,NA,NA,NA,NA,4.210833,4.148651,NA,NA,66.85,66,NA,NA,1.895465,1.874438,NA,NA,7.74,7.525,NA,NA,NA,NA,NA,NA,NA,NA,NA,NA,NA,NA,NA,NA,1.562,1.556,NA,NA,NA,NA,NA,NA,63.23,56,NA,NA,21.275,20.93,NA,NA,NA,NA,NA,NA
